source,source_group,source_id,ad_id,title,price,price_str,area,rooms,address,ward,district_id,district_name,category_id,category_name,lat,lon,image,ad_url,source_url,posted_at,scraped_at,page_fetched,price_m,price_per_m2,has_coord,is_rent
alonhadat,sale_all,alonhadat_18261891,alonhadat_18261891,🔥🔥🔥Bán gấp căn nhà NGAY CHỢ BÌNH CHÁNH đang cho thuê 8triệu/th - 630Triệu - 120m2,630000000,Giá: 630 triệu,120,3,"Đường Trịnh Như Khuê, Xã Bình Chánh, Hồ Chí Minh

Đường Trịnh Như Khuê, Xã Bình Chánh, Huyện Bình Chánh, Hồ Chí Minh (cũ)",Xã Bình Chánh,NA,Huyện Bình Chánh,1020,Nhà ở,NA,NA,https://alonhadat.com.vn/files/properties/2026/3/9/thumbnails/018261891-1705-ban-nha-mat-tien-huyen-binh-chanh.jpg,https://alonhadat.com.vn/-ban-gap-can-nha-ngay-cho-binh-chanh-dang-cho-thue-8trieu-th-630trieu-120m2-18261891.html,https://alonhadat.com.vn/can-ban-nha-dat/ho-chi-minh,2026-05-16,2026-05-16 23:22:32.185286,1,630,5250000,0,0
alonhadat,sale_all,alonhadat_18657371,alonhadat_18657371,"Nhà mặt tiền 1 hầm 7 tầng 24 phòng Full nội thất,thu nhập 130tr/th – Giá Chỉ 37,8 Tỷ",37800000000,"Giá: 37,8 tỷ",145,24,"Đường Phan Văn Trị, Phường Bình Thạnh, Hồ Chí Minh

Đường Phan Văn Trị, Phường 12, Quận Bình Thạnh, Hồ Chí Minh (cũ)",Phường Bình Thạnh,NA,Quận Bình Thạnh,1020,Nhà ở,NA,NA,https://alonhadat.com.vn/files/properties/2026/5/15/thumbnails/018657371-4021-ban-nha-mat-tien-quan-binh-thanh-gia-re.jpg,https://alonhadat.com.vn/nha-mat-tien-1-ham-7-tang-24-phong-full-noi-that-thu-nhap-130tr-th-gia-chi-37-8-ty-18657371.html,https://alonhadat.com.vn/can-ban-nha-dat/ho-chi-minh,2026-05-16,2026-05-16 23:22:32.215287,1,37800,260689655.1724138,0,0
alonhadat,sale_all,alonhadat_18573291,alonhadat_18573291,"Cô Tâm bán cắt lỗ 500 triệu căn nhà 1 lầu , chợ Phú Lạc , đang cho thuê 10tr/tháng",890000000,Giá: 890 triệu,92,3,"Đường Quốc Lộ 50, Xã Bình Hưng, Hồ Chí Minh

Đường Quốc Lộ 50, Xã Bình Hưng, Huyện Bình Chánh, Hồ Chí Minh (cũ)",Xã Bình Hưng,NA,Huyện Bình Chánh,1020,Nhà ở,NA,NA,https://alonhadat.com.vn/files/properties/2026/4/28/thumbnails/018573291-2229-co-binh-ban-cat-lo-200tr-can-nha-1-lau-dang-cho-thue-10tr-thang.jpg,https://alonhadat.com.vn/co-binh-ban-cat-lo-200tr-can-nha-1-lau-dang-cho-thue-10tr-thang-18573291.html,https://alonhadat.com.vn/can-ban-nha-dat/ho-chi-minh,2026-05-16,2026-05-16 23:22:32.229847,1,890,9673913.043478262,0,0
alonhadat,sale_all,alonhadat_18637291,alonhadat_18637291,"Bán nhà góc 3 MT ngay Công viên Gia Định, Phú Nhuận giá 25,5 tỷ, 5 tầng, DT 5,5m x 15,5m",25500000000,"Giá: 25,5 tỷ",82,5,"Đường Bùi Văn Thêm, Phường Đức Nhuận, Hồ Chí Minh

Đường Bùi Văn Thêm, Phường 9, Quận Phú Nhuận, Hồ Chí Minh (cũ)",Phường Đức Nhuận,NA,Quận Phú Nhuận,1020,Nhà ở,NA,NA,https://alonhadat.com.vn/files/properties/2026/5/12/thumbnails/018637291-5657-ban-nha-mat-tien-quan-phu-nhuan-chinh-chu.jpg,https://alonhadat.com.vn/ban-nha-goc-3-mt-ngay-cong-vien-gia-dinh-phu-nhuan-gia-25-5-ty-5-tang-dt-5-5m-x-15-5m-18637291.html,https://alonhadat.com.vn/can-ban-nha-dat/ho-chi-minh,2026-05-16,2026-05-16 23:22:32.244607,1,25500,310975609.75609756,0,0
alonhadat,sale_all,alonhadat_18661394,alonhadat_18661394,"BÁN GẤP nhà gần ngã ba TRƯỜNG SA, LÊ VĂN DUYỆT, xe hơi đậu cửa - 3T mới - 5,X TỶ",5600000000,"Giá: 5,6 tỷ",22,2,"Đường Lê Văn Duyệt, Phường Gia Định, Hồ Chí Minh

Đường Lê Văn Duyệt, Phường 1, Quận Bình Thạnh, Hồ Chí Minh (cũ)",Phường Gia Định,NA,Quận Bình Thạnh,1020,Nhà ở,NA,NA,https://alonhadat.com.vn/files/properties/2026/5/16/thumbnails/018661394-5656-ban-gap-nha-gan-nga-ba-truong-sa-le-van-duyet-xe-hoi-dau-cua-3t-moi-5-x-ty.jpg,https://alonhadat.com.vn/ban-gap-nha-gan-nga-ba-truong-sa-le-van-duyet-xe-hoi-dau-cua-3t-moi-5-x-ty-18661394.html,https://alonhadat.com.vn/can-ban-nha-dat/ho-chi-minh,2026-05-16,2026-05-16 23:22:32.259439,1,5600,254545454.54545453,0,0
alonhadat,sale_all,alonhadat_18641859,alonhadat_18641859,Nhà đẹp quận 10 4.5x8m 1 trệt 2 lầu sân thượng 4 phòng ngủ,5500000000,"Giá: 5,5 tỷ",35,4,"Đường Nguyễn Tiểu La, Phường Hòa Hưng, Hồ Chí Minh

Đường Nguyễn Tiểu La, Phường 12, Quận 10, Hồ Chí Minh (cũ)",Phường Hòa Hưng,NA,Quận 10,1020,Nhà ở,NA,NA,https://alonhadat.com.vn/files/properties/2026/5/13/thumbnails/018641859-0718-ban-nha-trong-hem-ho-chi-minh-gia-re.jpg,https://alonhadat.com.vn/nha-dep-quan-10-4-5x8m-1-tret-2-lau-san-thuong-4-phong-ngu-18641859.html,https://alonhadat.com.vn/can-ban-nha-dat/ho-chi-minh,2026-05-16,2026-05-16 23:22:32.277211,1,5500,157142857.14285713,0,0
alonhadat,sale_all,alonhadat_18255291,alonhadat_18255291,"Bán nhà mặt tiền đường Hàm Nghi, Nguyễn Thái Bình, Quận 1, ngang 22.5m được xây cao tầng",450000000000,Giá: 450 tỷ,350,10,"Đường Hàm Nghi, Phường Bến Thành, Hồ Chí Minh

Đường Hàm Nghi, Phường Bến Thành, Quận 1, Hồ Chí Minh (cũ)",Phường Bến Thành,NA,Quận 1,1020,Nhà ở,NA,NA,https://alonhadat.com.vn/files/properties/default.jpg,https://alonhadat.com.vn/ban-nha-mat-tien-duong-ham-nghi-nguyen-thai-binh-quan-1-ngang-22-5m-duoc-xay-cao-tang-18255291.html,https://alonhadat.com.vn/can-ban-nha-dat/ho-chi-minh,2026-05-16,2026-05-16 23:22:32.291324,1,450000,1285714285.7142856,0,0
alonhadat,sale_all,alonhadat_18379766,alonhadat_18379766,"Bán gấp nhà MT Ngay Trần Quang Khải - Hai Bà Trưng - Q.1 (DT 10.4 x 30m), GPXD Hầm 7 tầng.",130000000000,Giá: 130 tỷ,288,20,"Đường Trần Quang Khải, Phường Tân Định, Hồ Chí Minh

Đường Trần Quang Khải, Phường Tân Định, Quận 1, Hồ Chí Minh (cũ)",Phường Tân Định,NA,Quận 1,1020,Nhà ở,NA,NA,https://alonhadat.com.vn/files/properties/default.jpg,https://alonhadat.com.vn/ban-gap-nha-mt-ngay-tran-quang-khai-hai-ba-trung-q-1-dt-10-4-x-30m-gpxd-ham-7-tang--18379766.html,https://alonhadat.com.vn/can-ban-nha-dat/ho-chi-minh,2026-05-16,2026-05-16 23:22:32.30653,1,130000,451388888.8888889,0,0
alonhadat,sale_all,alonhadat_18561082,alonhadat_18561082,Bán nhà 5 tầng+thang máy HXH 8m ngay Nguyễn Văn Trỗi - Q.Phú Nhuận ( Dt 9 x 21m = 185m2 ),39000000000,Giá: 39 tỷ,185,5,"Đường Nguyễn Văn Trỗi, Phường Phú Nhuận, Hồ Chí Minh

Đường Nguyễn Văn Trỗi, Phường 11, Quận Phú Nhuận, Hồ Chí Minh (cũ)",Phường Phú Nhuận,NA,Quận Phú Nhuận,1020,Nhà ở,NA,NA,https://alonhadat.com.vn/files/properties/default.jpg,https://alonhadat.com.vn/ban-nha-5-tang-thang-may-hxh-8m-ngay-nguyen-van-troi-q-phu-nhuan-dt-9-x-21m-185m2--18561082.html,https://alonhadat.com.vn/can-ban-nha-dat/ho-chi-minh,2026-05-16,2026-05-16 23:22:32.323881,1,39000,210810810.8108108,0,0
alonhadat,sale_all,alonhadat_18561116,alonhadat_18561116,"Bán gấp nhà ngay Lê Văn Sỹ - Q.Phú Nhuận, DT 9x21m + 5 tầng + 185m2 giá chỉ 38,5 tỷ TL",38500000000,"Giá: 38,5 tỷ",185,6,"Đường Lê Văn Sỹ, Phường Phú Nhuận, Hồ Chí Minh

Đường Lê Văn Sỹ, Phường 11, Quận Phú Nhuận, Hồ Chí Minh (cũ)",Phường Phú Nhuận,NA,Quận Phú Nhuận,1020,Nhà ở,NA,NA,https://alonhadat.com.vn/files/properties/default.jpg,https://alonhadat.com.vn/ban-gap-nha-ngay-le-van-sy-q-phu-nhuan-dt-9x21m-5-tang-185m2-gia-chi-38-5-ty-tl-18561116.html,https://alonhadat.com.vn/can-ban-nha-dat/ho-chi-minh,2026-05-16,2026-05-16 23:22:32.338859,1,38500,208108108.1081081,0,0
alonhadat,sale_all,alonhadat_18643510,alonhadat_18643510,"Bán gấp nhà 6 tầng Hẻm nội bộ 6m Huỳnh Văn Bánh - Phú Nhuận, DT 6,5 x 15m NH 8.5m",23000000000,Giá: 23 tỷ,100,8,"Đường Huỳnh Văn Bánh, Phường Phú Nhuận, Hồ Chí Minh

Đường Huỳnh Văn Bánh, Phường 12, Quận Phú Nhuận, Hồ Chí Minh (cũ)",Phường Phú Nhuận,NA,Quận Phú Nhuận,1020,Nhà ở,NA,NA,https://alonhadat.com.vn/files/properties/default.jpg,https://alonhadat.com.vn/ban-gap-nha-6-tang-hem-noi-bo-6m-huynh-van-banh-phu-nhuan-dt-6-5-x-15m-nh-8-5m-18643510.html,https://alonhadat.com.vn/can-ban-nha-dat/ho-chi-minh,2026-05-16,2026-05-16 23:22:32.353482,1,23000,230000000,0,0
alonhadat,sale_all,alonhadat_18638848,alonhadat_18638848,"[GIÁ TỐT] SỞ HỮU CĂN HỘ 2PN+ ""VIEW TRIỆU ĐÔ"" VINHOMES GRAND PARK – GIẢM 2 TỶ - CHỈ 3.9 TỶ",3900000000,"Giá: 3,9 tỷ",70,3,"Đường Nguyễn Xiển, Phường Long Bình, Hồ Chí Minh

Đường Nguyễn Xiển, Phường Long Thạnh Mỹ, Thành phố Thủ Đức, Hồ Chí Minh (cũ)",Phường Long Bình,NA,Thành phố Thủ Đức,1020,Nhà ở,NA,NA,https://alonhadat.com.vn/files/properties/2026/5/12/thumbnails/018638848-4317-ban-can-ho-chung-cu-ho-chi-minh-gia-re.jpg,https://alonhadat.com.vn/-gia-tot-so-huu-can-ho-2pn-view-trieu-do-vinhomes-grand-park-giam-2-ty-chi-3-9-ty-18638848.html,https://alonhadat.com.vn/can-ban-nha-dat/ho-chi-minh,2026-05-16,2026-05-16 23:22:32.368479,1,3900,55714285.71428572,0,0
alonhadat,sale_all,alonhadat_18656527,alonhadat_18656527,✨✨✨Chính thức nhận booking Tháp Eleva Destino giá cực ưu đãi✨✨✨,1600000000,"Giá: 1,6 tỷ",35,NA,"Đường Quốc lộ 1A, Xã Bình Chánh, Hồ Chí Minh

Đường Quốc lộ 1A, Xã An Phú Tây, Huyện Bình Chánh, Hồ Chí Minh (cũ)",Xã Bình Chánh,NA,Huyện Bình Chánh,1020,Nhà ở,NA,NA,https://alonhadat.com.vn/files/properties/2026/5/15/thumbnails/018656527-4854-ban-dat-tho-cu-dat-o-ho-chi-minh-chinh-chu.jpg,https://alonhadat.com.vn/-chinh-thuc-nhan-booking-thap-eleva-destino-gia-cuc-uu-dai--18656527.html,https://alonhadat.com.vn/can-ban-nha-dat/ho-chi-minh,2026-05-16,2026-05-16 23:22:32.385,1,1600,45714285.71428572,0,0
alonhadat,sale_all,alonhadat_18648876,alonhadat_18648876,Đất nền dự án Dragon Eden giá ưu đãi chỉ từ 600tr/nền,2100000000,"Giá: 2,1 tỷ",90,NA,"Đường Trần Đại Nghĩa, Xã Bình Lợi, Hồ Chí Minh

Đường Trần Đại Nghĩa, Xã Bình Lợi, Huyện Bình Chánh, Hồ Chí Minh (cũ)",Xã Bình Lợi,NA,Huyện Bình Chánh,1020,Nhà ở,NA,NA,https://alonhadat.com.vn/files/properties/2026/5/14/thumbnails/018648876-3154-dat-nen-du-an-dragon-eden-gia-uu-dai-chi-tu-600tr-nen.jpg,https://alonhadat.com.vn/dat-nen-du-an-dragon-eden-gia-uu-dai-chi-tu-600tr-nen-18648876.html,https://alonhadat.com.vn/can-ban-nha-dat/ho-chi-minh,2026-05-16,2026-05-16 23:22:32.399481,1,2100,23333333.333333332,0,0
alonhadat,sale_all,alonhadat_18437686,alonhadat_18437686,"NGAY ĐẠI HỌC Y DƯỢC VỚI 4,2 TỶ CHỐT NGAY CĂN NHÀ NGÔ QUYỀN, PHƯỜNG 7, QUẬN 5 - DT 60M2",4200000000,"Giá: 4,2 tỷ",60,4,"Đường Ngô Quyền, Phường An Đông, Hồ Chí Minh

Đường Ngô Quyền, Phường 7, Quận 5, Hồ Chí Minh (cũ)",Phường An Đông,NA,Quận 5,1020,Nhà ở,NA,NA,https://alonhadat.com.vn/files/properties/2026/4/6/thumbnails/018437686-3007-ban-nha-mat-tien-quan-5.jpg,https://alonhadat.com.vn/ngay-dai-hoc-y-duoc-voi-4-2-ty-chot-ngay-can-nha-ngo-quyen-phuong-7-quan-5-dt-60m2-18437686.html,https://alonhadat.com.vn/can-ban-nha-dat/ho-chi-minh,2026-05-16,2026-05-16 23:22:32.414116,1,4200,70000000,0,0
alonhadat,sale_all,alonhadat_18653480,alonhadat_18653480,💵NHÀ SINH RA TIỀN 💵 CHÍNH CHỦ BÁN GÓC 2 MẶT HẺM NHÀ 482/30 LÊ QUAN ĐỊNH P.11 BÌNH THẠNH,27900000000,"Giá: 27,9 tỷ",106,15,"Đường Lê Quang Định, Phường Bình Lợi Trung, Hồ Chí Minh

Đường Lê Quang Định, Phường 11, Quận Bình Thạnh, Hồ Chí Minh (cũ)",Phường Bình Lợi Trung,NA,Quận Bình Thạnh,1020,Nhà ở,NA,NA,https://alonhadat.com.vn/files/properties/2026/5/15/thumbnails/018653480-5348-ban-nha-trong-hem-ho-chi-minh-gia-re.jpg,https://alonhadat.com.vn/-nha-sinh-ra-tien-chinh-chu-ban-goc-2-mat-hem-nha-482-30-le-quan-dinh-p-11-binh-thanh-18653480.html,https://alonhadat.com.vn/can-ban-nha-dat/ho-chi-minh,2026-05-15,2026-05-16 23:22:32.431581,1,27900,263207547.1698113,0,0
alonhadat,sale_all,alonhadat_18650897,alonhadat_18650897,"Giảm 35 tỷ! Bán gấp Biệt thư Trần Khắc Chân, Quận 1: 13mx20m, CN: 265m2, Hầm + 4T - 85 tỷ",85000000000,Giá: 85 tỷ,265,6,"Đường Trần Khắc Chân, Phường Tân Định, Hồ Chí Minh

Đường Trần Khắc Chân, Phường Tân Định, Quận 1, Hồ Chí Minh (cũ)",Phường Tân Định,NA,Quận 1,1020,Nhà ở,NA,NA,https://alonhadat.com.vn/files/properties/2026/5/14/thumbnails/018650897-4500-giam-35-ty-ban-gap-biet-thu-tran-khac-chan-quan-1-13mx20m-cn-265m2-ham-4t-85-ty.jpg,https://alonhadat.com.vn/giam-35-ty-ban-gap-biet-thu-tran-khac-chan-quan-1-13mx20m-cn-265m2-ham-4t-85-ty-18650897.html,https://alonhadat.com.vn/can-ban-nha-dat/ho-chi-minh,2026-05-14,2026-05-16 23:22:32.449789,1,85000,320754716.9811321,0,0
alonhadat,sale_all,alonhadat_18650017,alonhadat_18650017,"CẦN BÁN NHANH 4PN Imperia An Phú 135m², Tầng Cao, View Landmark, Nhà Mới Đẹp, Sổ Hồng Sẵn",12500000000,"Giá: 12,5 tỷ",135,4,"Đường Song Hành, Phường An Khánh, Hồ Chí Minh

Đường Song Hành, Phường An Phú, Thành phố Thủ Đức, Hồ Chí Minh (cũ)",Phường An Khánh,NA,Thành phố Thủ Đức,1020,Nhà ở,NA,NA,https://alonhadat.com.vn/files/properties/2026/5/14/thumbnails/20260514_112602_958761_0.jpg,https://alonhadat.com.vn/can-ban-nhanh-4pn-imperia-an-phu-135m-tang-cao-view-landmark-nha-moi-dep-so-hong-san-18650017.html,https://alonhadat.com.vn/can-ban-nha-dat/ho-chi-minh,2026-05-14,2026-05-16 23:22:32.465375,1,12500,92592592.5925926,0,0
alonhadat,sale_all,alonhadat_18648547,alonhadat_18648547,"Bán nhà Mặt tiền: 221 Lê Tấn Bê, Phường An Lạc, Quận Bình Tân. DT: 23x80m, 1908m2 - 55 tỷ",55000000000,Giá: 55 tỷ,1908,1,"Đường Lê Tấn Bê, Phường An Lạc, Hồ Chí Minh

Đường Lê Tấn Bê, Phường An Lạc, Quận Bình Tân, Hồ Chí Minh (cũ)",Phường An Lạc,NA,Quận Bình Tân,1020,Nhà ở,NA,NA,https://alonhadat.com.vn/files/properties/2026/5/14/thumbnails/018648547-5737-ban-nha-mat-tien-quan-binh-tan-chinh-chu.jpg,https://alonhadat.com.vn/ban-dat-mat-tien-221-le-tan-be-phuong-an-lac-quan-binh-tan-dt-23x80m-1908m2-55-ty-18648547.html,https://alonhadat.com.vn/can-ban-nha-dat/ho-chi-minh,2026-05-14,2026-05-16 23:22:32.484304,1,55000,28825995.80712788,0,0
alonhadat,sale_all,alonhadat_18639044,alonhadat_18639044,"Bán Căn Góc 2MT HXT Nguyễn Trãi,P.7,Q.5 - 5,3x14m(5 tầng - nhà mới)_Gía: 15tỷ",15000000000,Giá: 15 tỷ,50,6,"Đường Nguyễn Trãi, Phường An Đông, Hồ Chí Minh

Đường Nguyễn Trãi, Phường 7, Quận 5, Hồ Chí Minh (cũ)",Phường An Đông,NA,Quận 5,1020,Nhà ở,NA,NA,https://alonhadat.com.vn/files/properties/2026/5/12/thumbnails/018639044-0549-ban-nha-trong-hem-quan-5-chinh-chu.jpg,https://alonhadat.com.vn/ban-can-goc-2mt-hxt-nguyen-trai-p-7-q-5-5-3x14m-5-tang-nha-moi-gia-15ty-18639044.html,https://alonhadat.com.vn/can-ban-nha-dat/ho-chi-minh,2026-05-12,2026-05-16 23:22:32.499849,1,15000,300000000,0,0
alonhadat,sale_house,alonhadat_18631837,alonhadat_18631837,"Bán Nhà 38/53 Nguyễn Công Hoan Q.Phú Nhuận, DT:4,5x15m-CN:60m2-5 tầng-HĐT:30tr giá 13,5 tỷ",13500000000,"Giá: 13,5 tỷ",60,5,"Đường Nguyễn Công Hoan, Phường Cầu Kiệu, Hồ Chí Minh

Đường Nguyễn Công Hoan, Phường 7, Quận Phú Nhuận, Hồ Chí Minh (cũ)",Phường Cầu Kiệu,NA,Quận Phú Nhuận,1020,Nhà ở,NA,NA,https://alonhadat.com.vn/files/properties/2026/5/11/thumbnails/018631837-1918-ban-nha-trong-hem-quan-phu-nhuan-chinh-chu.jpg,https://alonhadat.com.vn/ban-nha-38-53-nguyen-cong-hoan-q-phu-nhuan-dt-4-5x15m-cn-60m2-5-tang-hdt-30tr-gia-13-5-ty-18631837.html,https://alonhadat.com.vn/can-ban-nha/ho-chi-minh,2026-05-11,2026-05-16 23:22:34.811814,1,13500,225000000,0,0
alonhadat,sale_house,alonhadat_18612066,alonhadat_18612066,"Nhà Bình Tân ,Gần AONE Tân Phú .",7000000000,Giá: 7 tỷ,112,4,"Đường Liên khu 4 - 5, Phường Bình Tân, Hồ Chí Minh

Đường Liên khu 4 - 5, Phường Bình Hưng Hòa B, Quận Bình Tân, Hồ Chí Minh (cũ)",Phường Bình Tân,NA,Quận Bình Tân,1020,Nhà ở,NA,NA,https://alonhadat.com.vn/files/properties/2026/5/7/thumbnails/018612066-3653-ban-nha-mat-tien-ho-chi-minh.jpg,https://alonhadat.com.vn/nha-binh-tan-gan-aone-tan-phu--18612066.html,https://alonhadat.com.vn/can-ban-nha/ho-chi-minh,2026-05-07,2026-05-16 23:22:34.825097,1,7000,62500000,0,0
alonhadat,sale_house,alonhadat_18585608,alonhadat_18585608,HIẾM GẶP!!! NHÀ GÓC 3 MẶT TIỀN NHỰA 8M NGANG ! CHỈ 7.8 TỶ,7800000000,"Giá: 7,8 tỷ",60,3,"Đường Tân Sơn Nhì, Phường Tân Sơn Nhì, Hồ Chí Minh

Đường Tân Sơn Nhì, Phường Tân Sơn Nhì, Quận Tân Phú, Hồ Chí Minh (cũ)",Phường Tân Sơn Nhì,NA,Quận Tân Phú,1020,Nhà ở,NA,NA,https://alonhadat.com.vn/files/properties/2026/5/6/thumbnails/018585608-2408-ban-nha-mat-tien-quan-tan-phu-gia-re.jpg,https://alonhadat.com.vn/hiem-gap-nha-goc-3-mat-tien-nhua-8m-ngang-chi-7-8-ty-18585608.html,https://alonhadat.com.vn/can-ban-nha/ho-chi-minh,2026-05-01,2026-05-16 23:22:34.840648,1,7800,130000000,0,0
alonhadat,sale_house,alonhadat_18607680,alonhadat_18607680,9ty9 trong khu dân cư Phú Nhuận đường Lê Thị Riêng Q12 -5.7x20m- 4 tầng-đường 10m,9900000000,"Giá: 9,9 tỷ",114,4,"Đường Lê Thị Riêng, Phường Thới An, Hồ Chí Minh

Đường Lê Thị Riêng, Phường Thới An, Quận 12, Hồ Chí Minh (cũ)",Phường Thới An,NA,Quận 12,1020,Nhà ở,NA,NA,https://alonhadat.com.vn/files/properties/2026/5/6/thumbnails/018607680-4625-ban-nha-trong-hem-ho-chi-minh-chinh-chu.jpg,https://alonhadat.com.vn/9ty9-trong-khu-dan-cu-phu-nhuan-duong-le-thi-rieng-q12-5-7x20m-4-tang-duong-10m-18607680.html,https://alonhadat.com.vn/can-ban-nha/ho-chi-minh,2026-05-16,2026-05-16 23:22:34.852864,1,9900,86842105.26315789,0,0
alonhadat,sale_house_alley,alonhadat_18659235,alonhadat_18659235,"Hẻm Oto Một Trục, 4 Tầng BTCT, DT 64m2, Chỉ 9.X TỶ💰🌿, Ngay Chợ Bà Chiểu",9700000000,"Giá: 9,7 tỷ",64,4,"Đường Bùi Đình Túy, Phường Bình Thạnh, Hồ Chí Minh

Đường Bùi Đình Túy, Phường 12, Quận Bình Thạnh, Hồ Chí Minh (cũ)",Phường Bình Thạnh,NA,Quận Bình Thạnh,1020,Nhà ở,NA,NA,https://alonhadat.com.vn/files/properties/2026/5/16/thumbnails/018659235-4317-ban-nha-trong-hem-ho-chi-minh-chinh-chu.jpg,https://alonhadat.com.vn/hem-oto-mot-truc-4-tang-btct-dt-64m2-chi-9-x-ty-ngo-duc-ke-binh-thanh--18659235.html,https://alonhadat.com.vn/can-ban-nha-trong-hem/ho-chi-minh,2026-05-16,2026-05-16 23:22:36.703778,1,9700,151562500,0,0
alonhadat,sale_house_alley,alonhadat_18434096,alonhadat_18434096,🏡6.45 TỶ NHÀ 4 TẦNG 78M2 (4x20) TCH26 -HXH- NGUYỄN ẢNH THỦ QUẬN 12,6450000000,"Giá: 6,45 tỷ",78,4,"Đường Tân Chánh Hiệp 26, Phường Trung Mỹ Tây, Hồ Chí Minh

Đường Tân Chánh Hiệp 26, Phường Trung Mỹ Tây, Quận 12, Hồ Chí Minh (cũ)",Phường Trung Mỹ Tây,NA,Quận 12,1020,Nhà ở,NA,NA,https://alonhadat.com.vn/files/properties/2026/4/5/thumbnails/018434096-3338-ban-nha-trong-hem-quan-12-chinh-chu.jpg,https://alonhadat.com.vn/-6-95-ty-nha-4-tang-78m2-4x20-tch26-hxh-nguyen-anh-thu-quan-12-18434096.html,https://alonhadat.com.vn/can-ban-nha-trong-hem/ho-chi-minh,2026-05-16,2026-05-16 23:22:36.719071,1,6450,82692307.6923077,0,0
alonhadat,sale_house_alley,alonhadat_18607897,alonhadat_18607897,Sắp đi nước ngoài bán nhà hẻm xe hơi Đường Nguyễn Thái Sơn - Quận Gò Vấp / Giá 1 Tỷ 680,1680000000,"Giá: 1,68 tỷ",43,3,"Đường Nguyễn Thái Sơn, Phường Hạnh Thông, Hồ Chí Minh

Đường Nguyễn Thái Sơn, Phường Hạnh Thông, Quận Gò Vấp, Hồ Chí Minh (cũ)",Phường Hạnh Thông,NA,Quận Gò Vấp,1020,Nhà ở,NA,NA,https://alonhadat.com.vn/files/properties/2026/5/16/thumbnails/018607897-2420-ban-nha-trong-hem-ho-chi-minh-gia-re.jpg,https://alonhadat.com.vn/sap-di-nuoc-ngoai-ban-nha-hem-xe-hoi-duong-nguyen-thai-son-quan-go-vap-gia-1-ty-680-18607897.html,https://alonhadat.com.vn/can-ban-nha-trong-hem/ho-chi-minh,2026-05-16,2026-05-16 23:22:36.73108,1,1680,39069767.44186047,0,0
alonhadat,sale_house_alley,alonhadat_18661222,alonhadat_18661222,"SIÊU PHẨM TRƯƠNG QUYỀN QUẬN 3 – CÁCH CV LÊ VĂN TÁM 3 PHÚT – GIÁ: 6,27TỶ/70M2 - THUÊ 24TR",6270000000,"Giá: 6,27 tỷ",70,4,"Đường Trương Quyền, Phường Xuân Hòa, Hồ Chí Minh

Đường Trương Quyền, Phường Võ Thị Sáu, Quận 3, Hồ Chí Minh (cũ)",Phường Xuân Hòa,NA,Quận 3,1020,Nhà ở,NA,NA,https://alonhadat.com.vn/files/properties/2026/5/16/thumbnails/018661222-2109-ban-nha-trong-hem-ho-chi-minh.jpg,https://alonhadat.com.vn/sieu-pham-truong-quyen-quan-3-cach-cv-le-van-tam-3-phut-gia-6-27ty-70m2-thue-24tr-18661222.html,https://alonhadat.com.vn/can-ban-nha-trong-hem/ho-chi-minh,2026-05-16,2026-05-16 23:22:36.743322,1,6270,89571428.57142857,0,0
alonhadat,sale_house_alley,alonhadat_18455471,alonhadat_18455471,"Bán nhà HXH Quận 10 giá 9T5, diện tích 4 x 16, 3 tầng sát măt tiền CMT8",9500000000,"Giá: 9,5 tỷ",64,6,"Đường Cách Mạng Tháng 8, Phường Hòa Hưng, Hồ Chí Minh

Đường Cách Mạng Tháng 8, Phường 13, Quận 10, Hồ Chí Minh (cũ)",Phường Hòa Hưng,NA,Quận 10,1020,Nhà ở,NA,NA,https://alonhadat.com.vn/files/properties/2026/4/8/thumbnails/018455471-3029-ban-nha-trong-hem-quan-10-chinh-chu.jpg,https://alonhadat.com.vn/ban-nha-hxh-quan-10-gia-9t5-dien-tich-4-x-16-3-tang-sat-mat-tien-cmt8-18455471.html,https://alonhadat.com.vn/can-ban-nha-trong-hem/ho-chi-minh,2026-05-16,2026-05-16 23:22:36.755827,1,9500,148437500,0,0
alonhadat,sale_house_alley,alonhadat_18660766,alonhadat_18660766,"Bán gấp nhà đẹp 2TỶ390 đường Lê Quang Định P1 Gò Vấp, 3 phòng ngủ, hẻm ôtô - sổ hồng riên",2390000000,"Giá: 2,39 tỷ",59,3,"Đường Lê Quang Định, Phường Hạnh Thông, Hồ Chí Minh

Đường Lê Quang Định, Phường 1, Quận Gò Vấp, Hồ Chí Minh (cũ)",Phường Hạnh Thông,NA,Quận Gò Vấp,1020,Nhà ở,NA,NA,https://alonhadat.com.vn/files/properties/2026/5/16/thumbnails/018660766-5419-ban-nha-trong-hem-quan-go-vap-gia-re.jpg,https://alonhadat.com.vn/chu-sau-ban-gap-nha-dep-duong-le-quang-dinh-p1-go-vap-3-phong-ngu-hem-oto-so-hong-rien-18660766.html,https://alonhadat.com.vn/can-ban-nha-trong-hem/ho-chi-minh,2026-05-16,2026-05-16 23:22:36.77042,1,2390,40508474.576271184,0,0
alonhadat,sale_house_alley,alonhadat_18659534,alonhadat_18659534,"Nhà đẹp sát Chợ Gò Vấp - Đ. Lý Thường Kiệt. Giá: 3 tỷ 820 / 59.2m2. SHR, nhiều tiện ích",3820000000,"Giá: 3,82 tỷ",59,4,"Đường Lý Thường Kiệt, Phường Hạnh Thông, Hồ Chí Minh

Đường Lý Thường Kiệt, Phường 1, Quận Gò Vấp, Hồ Chí Minh (cũ)",Phường Hạnh Thông,NA,Quận Gò Vấp,1020,Nhà ở,NA,NA,https://alonhadat.com.vn/files/properties/2026/5/16/thumbnails/018659534-1542-ban-nha-trong-hem-quan-go-vap-chinh-chu.jpg,https://alonhadat.com.vn/nha-dep-sat-cho-go-vap-ly-thuong-kiet-go-vap-gia-3-ty-820-59-2m2-shr-hem-thong-18659534.html,https://alonhadat.com.vn/can-ban-nha-trong-hem/ho-chi-minh,2026-05-16,2026-05-16 23:22:36.782459,1,3820,64745762.711864404,0,0
alonhadat,sale_house_alley,alonhadat_18659624,alonhadat_18659624,"TÀI CHÍNH 4 TỶ SỞ HỮU NGAY CĂN NGUYỄN THÁI SƠN, GÒ VẤP - 62M2 / 3 TỶ 950 / SHR",3950000000,"Giá: 3,95 tỷ",62,4,"Đường Nguyễn Thái Sơn, Phường Hạnh Thông, Hồ Chí Minh

Đường Nguyễn Thái Sơn, Phường 1, Quận Gò Vấp, Hồ Chí Minh (cũ)",Phường Hạnh Thông,NA,Quận Gò Vấp,1020,Nhà ở,NA,NA,https://alonhadat.com.vn/files/properties/2026/5/16/thumbnails/018659624-2821-ban-nha-trong-hem-quan-go-vap-chinh-chu.jpg,https://alonhadat.com.vn/-tai-chinh-4-ty-so-huu-ngay-can-nguyen-thai-son-go-vap-56m2-3-ty-950-shr--18659624.html,https://alonhadat.com.vn/can-ban-nha-trong-hem/ho-chi-minh,2026-05-16,2026-05-16 23:22:36.795182,1,3950,63709677.41935484,0,0
alonhadat,sale_house_alley,alonhadat_18660538,alonhadat_18660538,"Nhà ngộp cần bán Đ. Nguyễn Văn Đậu, Bình Thạnh. Giá: 3 tỷ 410/ 55m2 / Sổ riêng",3410000000,"Giá: 3,41 tỷ",55,3,"Đường Nguyễn Văn Đậu, Phường Bình Lợi Trung, Hồ Chí Minh

Đường Nguyễn Văn Đậu, Phường Bình Lợi Trung, Quận Bình Thạnh, Hồ Chí Minh (cũ)",Phường Bình Lợi Trung,NA,Quận Bình Thạnh,1020,Nhà ở,NA,NA,https://alonhadat.com.vn/files/properties/2026/5/16/thumbnails/018660538-1000-nha-ngop-can-ban-tai-nguyen-van-dau-binh-thanh-55m2-3-ty-650-so-rieng-.jpg,https://alonhadat.com.vn/nha-ngop-can-ban-tai-nguyen-van-dau-binh-thanh-55m2-3-ty-650-so-rieng--18660538.html,https://alonhadat.com.vn/can-ban-nha-trong-hem/ho-chi-minh,2026-05-16,2026-05-16 23:22:36.81135,1,3410,62000000,0,0
alonhadat,sale_house_alley,alonhadat_18630204,alonhadat_18630204,Bán nhà 1 lầu hẻm 257 Nguyễn Thị Thập Giá 6 Tỷ,6000000000,Giá: 6 tỷ,40,2,"Đường Nguyễn Thị Thập, Phường Tân Mỹ, Hồ Chí Minh

Đường Nguyễn Thị Thập, Phường Tân Phú, Quận 7, Hồ Chí Minh (cũ)",Phường Tân Mỹ,NA,Quận 7,1020,Nhà ở,NA,NA,https://alonhadat.com.vn/files/properties/2026/5/11/thumbnails/018630204-2239-ban-nha-1-lau-hem-257-nguyen-thi-thap-gia-6-ty.jpg,https://alonhadat.com.vn/ban-nha-1-lau-hem-257-nguyen-thi-thap-gia-6-ty-18630204.html,https://alonhadat.com.vn/can-ban-nha-trong-hem/ho-chi-minh,2026-05-16,2026-05-16 23:22:36.824398,1,6000,150000000,0,0
alonhadat,rent_all,alonhadat_17940939,alonhadat_17940939,Chính chủ cho thuê văn phòng mặt tiền đường Tên Lửa 1 trệt 1 lầu diện tích SD 360m2,80000000,Giá: 80 triệu / tháng,360,NA,"Đường Tên Lửa, Phường An Lạc, Hồ Chí Minh

Đường Tên Lửa, Phường Bình Trị Đông B, Quận Bình Tân, Hồ Chí Minh (cũ)",Phường An Lạc,NA,Quận Bình Tân,1030,Văn phòng/Mặt bằng,NA,NA,https://alonhadat.com.vn/files/properties/2025/12/21/thumbnails/017940939-4442-cho-thue-van-phong-ho-chi-minh.jpg,https://alonhadat.com.vn/chinh-chu-cho-thue-van-phong-mat-tien-duong-ten-lua-1-tret-1-lau-dien-tich-sd-360m2-17940939.html,https://alonhadat.com.vn/cho-thue-nha-dat/ho-chi-minh,2026-05-11,2026-05-16 23:22:42.676244,1,80,222222.22222222222,0,1
alonhadat,rent_all,alonhadat_18278484,alonhadat_18278484,Cho thuê CH Viva Plaza Q7 nhà mới full NT DT: 72m2 - 2PN 2WC-Giá 9tr/tháng,9000000,Giá: 9 triệu / tháng,72,2,"Đường Nguyễn Lương Bằng, Phường Tân Mỹ, Hồ Chí Minh

Đường Nguyễn Lương Bằng, Phường Phú Mỹ, Quận 7, Hồ Chí Minh (cũ)",Phường Tân Mỹ,NA,Quận 7,1030,Văn phòng/Mặt bằng,NA,NA,https://alonhadat.com.vn/files/properties/2026/3/11/thumbnails/018278484-5244-cho-thue-can-ho-chung-cu-quan-7.jpg,https://alonhadat.com.vn/cho-thue-ch-viva-plaza-q7-nha-moi-full-nt-dt-72m2-2pn-2wc-gia-12tr-thang-18278484.html,https://alonhadat.com.vn/cho-thue-nha-dat/ho-chi-minh,2026-05-14,2026-05-16 23:22:42.700336,1,9,125000,0,1
alonhadat,rent_all,alonhadat_18631849,alonhadat_18631849,Cho thuê MT Lê Trung Nghĩa(khu K300) Tân Bình.DT: 10x25m(3 tầng-10PN ) Giá 45tr/tháng TL,45000000,Giá: 45 triệu / tháng,250,10,"Đường Lê Trung Nghĩa, Phường Bảy Hiền, Hồ Chí Minh

Đường Lê Trung Nghĩa, Phường 12, Quận Tân Bình, Hồ Chí Minh (cũ)",Phường Bảy Hiền,NA,Quận Tân Bình,1030,Văn phòng/Mặt bằng,NA,NA,https://alonhadat.com.vn/files/properties/2026/5/11/thumbnails/018631849-2029-cho-thue-nha-mat-tien-quan-tan-binh-gia-re.jpg,https://alonhadat.com.vn/cho-thue-mt-le-trung-nghia-khu-k300-tan-binh-dt-10x25m-3-tang-10pn-gia-45tr-thang-tl-18631849.html,https://alonhadat.com.vn/cho-thue-nha-dat/ho-chi-minh,2026-05-11,2026-05-16 23:22:42.717043,1,45,180000,0,1
alonhadat,rent_all,alonhadat_18068912,alonhadat_18068912,"Cho thuê nhà vòng xoay 22 Âu Cơ, Phường Tân Sơn, Hồ Chí Minh ( Ngay Vòng Xoay)",180000000,Giá: 180 triệu / tháng,560,5,"Đường Âu Cơ, Phường Tân Hòa, Hồ Chí Minh

Đường Âu Cơ, Phường 9, Quận Tân Bình, Hồ Chí Minh (cũ)",Phường Tân Hòa,NA,Quận Tân Bình,1030,Văn phòng/Mặt bằng,NA,NA,https://alonhadat.com.vn/files/properties/2026/1/13/thumbnails/018068912-2245-cho-thue-nha-mat-tien-ho-chi-minh-gia-re.jpg,https://alonhadat.com.vn/cho-thue-nha-vong-xoay-22-au-co-phuong-tan-son-ho-chi-minh-ngay-vong-xoay--18068912.html,https://alonhadat.com.vn/cho-thue-nha-dat/ho-chi-minh,2026-05-16,2026-05-16 23:22:42.731168,1,180,321428.5714285714,0,1
alonhadat,rent_all,alonhadat_14661749,alonhadat_14661749,"Cho thuê nhà GÓC 2MT 223-225-227 Nguyễn Trãi, Phường Nguyễn Cư Trinh, Quận 1, Hồ Chí Minh",400000000,Giá: 400 triệu / tháng,468,3,"Đường Nguyễn Trãi, Phường Cầu Ông Lãnh, Hồ Chí Minh

Đường Nguyễn Trãi, Phường Nguyễn Cư Trinh, Quận 1, Hồ Chí Minh (cũ)",Phường Cầu Ông Lãnh,NA,Quận 1,1030,Văn phòng/Mặt bằng,NA,NA,https://alonhadat.com.vn/files/properties/2024/6/20/thumbnails/014661749-1627-cho-thue-nha-mat-tien-quan-1-gia-re.jpg,https://alonhadat.com.vn/cho-thue-nha-goc-2mt-223-225-227-nguyen-trai-phuong-nguyen-cu-trinh-quan-1-ho-chi-minh-14661749.html,https://alonhadat.com.vn/cho-thue-nha-dat/ho-chi-minh,2026-05-16,2026-05-16 23:22:42.746885,1,400,854700.8547008547,0,1
alonhadat,rent_all,alonhadat_18659938,alonhadat_18659938,"Cho thuê nhà mặt tiền số 74-76 đường Nam Kỳ Khởi Nghĩa, , Quận 1, Giá : 500 Triệu/ tháng",500000000,Giá: 500 triệu / tháng,1200,3,"Đường Nam Kỳ Khởi Nghĩa, Phường Sài Gòn, Hồ Chí Minh

Đường Nam Kỳ Khởi Nghĩa, Phường Nguyễn Thái Bình, Quận 1, Hồ Chí Minh (cũ)",Phường Sài Gòn,NA,Quận 1,1030,Văn phòng/Mặt bằng,NA,NA,https://alonhadat.com.vn/files/properties/2026/5/16/thumbnails/018659938-1227-cho-thue-nha-mat-tien-quan-1-gia-re.jpg,https://alonhadat.com.vn/cho-thue-nha-mat-tien-so-74-76-duong-nam-ky-khoi-nghia-quan-1-gia-500-trieu-thang-18659938.html,https://alonhadat.com.vn/cho-thue-nha-dat/ho-chi-minh,2026-05-16,2026-05-16 23:22:42.759459,1,500,416666.6666666667,0,1
alonhadat,rent_all,alonhadat_18659303,alonhadat_18659303,"Cho thuê nhà mặt tiền số 38a Nguyễn Thị Diệu, Phường Võ Thị Sáu, Quận 3, Giá 390 Triệu",390000000,Giá: 390 triệu / tháng,700,3,"Đường Nguyễn Thị Diệu, Phường Xuân Hòa, Hồ Chí Minh

Đường Nguyễn Thị Diệu, Phường Võ Thị Sáu, Quận 3, Hồ Chí Minh (cũ)",Phường Xuân Hòa,NA,Quận 3,1030,Văn phòng/Mặt bằng,NA,NA,https://alonhadat.com.vn/files/properties/2026/5/16/thumbnails/018659303-5128-cho-thue-nha-mat-tien-quan-3-gia-re.jpg,https://alonhadat.com.vn/cho-thue-nha-mat-tien-so-38a-nguyen-thi-dieu-phuong-vo-thi-sau-quan-3-gia-390-trieu-18659303.html,https://alonhadat.com.vn/cho-thue-nha-dat/ho-chi-minh,2026-05-16,2026-05-16 23:22:42.772175,1,390,557142.8571428572,0,1
alonhadat,rent_all,alonhadat_18659189,alonhadat_18659189,"Cho thuê nhà mặt tiền số 6B đường Lê Quý Đôn, Phường Võ Thị Sáu, Quận 3, Hồ Chí Minh",350000000,Giá: 350 triệu / tháng,1000,3,"Đường Lê Quý Đôn, Phường Xuân Hòa, Hồ Chí Minh

Đường Lê Quý Đôn, Phường Võ Thị Sáu, Quận 3, Hồ Chí Minh (cũ)",Phường Xuân Hòa,NA,Quận 3,1030,Văn phòng/Mặt bằng,NA,NA,https://alonhadat.com.vn/files/properties/2026/5/16/thumbnails/018659189-3819-cho-thue-nha-mat-tien-quan-3.jpg,https://alonhadat.com.vn/cho-thue-nha-mat-tien-so-6b-duong-le-quy-don-phuong-vo-thi-sau-quan-3-ho-chi-minh-18659189.html,https://alonhadat.com.vn/cho-thue-nha-dat/ho-chi-minh,2026-05-16,2026-05-16 23:22:42.787368,1,350,350000,0,1
alonhadat,rent_all,alonhadat_18642955,alonhadat_18642955,"Cho thuê nhà mặt tiền số 24 đường Nguyễn Trãi, Phường Phạm Ngũ Lão, Quận 1, Hồ Chí Minh",150000000,Giá: 150 triệu / tháng,420,5,"Đường Nguyễn Trãi, Phường Bến Thành, Hồ Chí Minh

Đường Nguyễn Trãi, Phường Bến Thành, Quận 1, Hồ Chí Minh (cũ)",Phường Bến Thành,NA,Quận 1,1030,Văn phòng/Mặt bằng,NA,NA,https://alonhadat.com.vn/files/properties/2026/5/13/thumbnails/018642955-1347-cho-thue-nha-mat-tien-ho-chi-minh-chinh-chu.jpg,https://alonhadat.com.vn/cho-thue-nha-mat-tien-so-24-duong-nguyen-trai-phuong-pham-ngu-lao-quan-1-ho-chi-minh-18642955.html,https://alonhadat.com.vn/cho-thue-nha-dat/ho-chi-minh,2026-05-16,2026-05-16 23:22:42.799743,1,150,357142.85714285716,0,1
alonhadat,rent_all,alonhadat_9185317,alonhadat_9185317,"cho thuê VP tại Cityland, Gò Vấp DT 30m2 - 100m2 máy lạnh hầm để xe, giá từ 5tr",5000000,Giá: 5 triệu / tháng,25,NA,"Đường Phan Văn Trị, Phường Gò Vấp, Hồ Chí Minh

Đường Phan Văn Trị, Phường 10, Quận Gò Vấp, Hồ Chí Minh (cũ)",Phường Gò Vấp,NA,Quận Gò Vấp,1030,Văn phòng/Mặt bằng,NA,NA,https://alonhadat.com.vn/files/properties/2022/8/27/thumbnails/09185317-1652-cho-thue-vp-tai-cityland-go-vap-dt-30m2-100m2-may-lanh-ham-de-xe-gia-tu-6tr.jpg,https://alonhadat.com.vn/chinh-chu-cho-thue-vp-tai-cityland-go-vap-dt-20m2-100m2-may-lanh-ham-de-xe-gia-tu-4tr-9185317.html,https://alonhadat.com.vn/cho-thue-nha-dat/ho-chi-minh,2026-05-14,2026-05-16 23:22:42.813247,1,5,200000,0,1
alonhadat,rent_all,alonhadat_18655284,alonhadat_18655284,"Cho Thuê Nhà 2 Tầng, 7tr/tháng, 2 Phòng Ngủ, Hẻm xe hơi, KDC 1623 Lê Văn Lương, Nhà Bè",7000000,Giá: 7 triệu / tháng,70,2,"Đường Lê Văn Lương, Xã Nhà Bè, Hồ Chí Minh

Đường Lê Văn Lương, Xã Phước Kiển, Huyện Nhà Bè, Hồ Chí Minh (cũ)",Xã Nhà Bè,NA,Huyện Nhà Bè,1030,Văn phòng/Mặt bằng,NA,NA,https://alonhadat.com.vn/files/properties/2026/5/15/thumbnails/018655284-4554-cho-thue-biet-thu-nha-lien-ke-huyen-nha-be.jpg,https://alonhadat.com.vn/cho-thue-nha-2-tang-7tr-thang-2-phong-ngu-hem-xe-hoi-kdc-1623-le-van-luong-nha-be-18655284.html,https://alonhadat.com.vn/cho-thue-nha-dat/ho-chi-minh,2026-05-16,2026-05-16 23:22:42.825686,1,7,100000,0,1
alonhadat,rent_all,alonhadat_18655293,alonhadat_18655293,"Cho thuê nhà 3 tầng, 8tr/tháng, 4 phòng ngủ, KDC 1419 Lê Văn Lương, Phước Kiển, Nhà Bè",8000000,Giá: 8 triệu / tháng,120,4,"Đường Lê Văn Lương, Xã Nhà Bè, Hồ Chí Minh

Đường Lê Văn Lương, Xã Phước Kiển, Huyện Nhà Bè, Hồ Chí Minh (cũ)",Xã Nhà Bè,NA,Huyện Nhà Bè,1030,Văn phòng/Mặt bằng,NA,NA,https://alonhadat.com.vn/files/properties/2026/5/15/thumbnails/018655293-4942-cho-thue-biet-thu-nha-lien-ke-ho-chi-minh-chinh-chu.jpg,https://alonhadat.com.vn/cho-thue-nha-3-tang-8tr-thang-4-phong-ngu-kdc-1419-le-van-luong-phuoc-kien-nha-be-18655293.html,https://alonhadat.com.vn/cho-thue-nha-dat/ho-chi-minh,2026-05-16,2026-05-16 23:22:42.840528,1,8,66666.66666666667,0,1
alonhadat,rent_all,alonhadat_18022801,alonhadat_18022801,"CHO THUÊ TÒA NHÀ 49 Cao Thắng, Phường 3, Quận 3 -1 HẦM 8 TẦNG - 162 triệu",162000000,Giá: 162 triệu / tháng,800,15,"Đường Cao Thắng, Phường Bàn Cờ, Hồ Chí Minh

Đường Cao Thắng, Phường 3, Quận 3, Hồ Chí Minh (cũ)",Phường Bàn Cờ,NA,Quận 3,1030,Văn phòng/Mặt bằng,NA,NA,https://alonhadat.com.vn/files/properties/2026/1/5/thumbnails/018022801-5551-cho-thue-nha-mat-tien-quan-3-chinh-chu.jpg,https://alonhadat.com.vn/cho-thue-toa-nha-49-cao-thang-phuong-3-quan-3-1-ham-8-tang-18022801.html,https://alonhadat.com.vn/cho-thue-nha-dat/ho-chi-minh,2026-05-16,2026-05-16 23:22:42.853253,1,162,202500,0,1
alonhadat,rent_all,alonhadat_18659257,alonhadat_18659257,"MT HẦM 3 LẦU - HOA LAN (8x18m) MỌI NGÀNH NGHỀ, GIÁ 100 TRIỆU TL (hình nhà)",100000000,Giá: 100 triệu / tháng,144,5,"Đường Hoa Lan, Phường Cầu Kiệu, Hồ Chí Minh

Đường Hoa Lan, Phường Cầu Kiệu, Quận Phú Nhuận, Hồ Chí Minh (cũ)",Phường Cầu Kiệu,NA,Quận Phú Nhuận,1030,Văn phòng/Mặt bằng,NA,NA,https://alonhadat.com.vn/files/properties/2026/5/16/thumbnails/018659257-4558-cho-thue-nha-mat-tien-ho-chi-minh-chinh-chu.jpg,https://alonhadat.com.vn/mt-ham-3-lau-hoa-lan-8x18m-moi-nganh-nghe-gia-100-trieu-tl-hinh-nha--18659257.html,https://alonhadat.com.vn/cho-thue-nha-dat/ho-chi-minh,2026-05-16,2026-05-16 23:22:42.865896,1,100,694444.4444444445,0,1
alonhadat,rent_all,alonhadat_18619680,alonhadat_18619680,"CHO THUÊ NHÀ KHU TÊN LỬA, GÓC 2MT ĐƯỜNG SỐ 7, DT 10 X 20M, 3 TẤM, 100 TRIỆU/THÁNG",100000000,Giá: 100 triệu / tháng,200,6,"Đường Tên Lửa, Phường An Lạc, Hồ Chí Minh

Đường Tên Lửa, Phường Bình Trị Đông B, Quận Bình Tân, Hồ Chí Minh (cũ)",Phường An Lạc,NA,Quận Bình Tân,1030,Văn phòng/Mặt bằng,NA,NA,https://alonhadat.com.vn/files/properties/2026/5/8/thumbnails/018619680-3510-ban-nha-mat-tien-quan-binh-tan.jpg,https://alonhadat.com.vn/cho-thue-nha-khu-ten-lua-goc-2mt-duong-so-7-dt-10-x-20m-3-tam-100-trieu-thang-18619680.html,https://alonhadat.com.vn/cho-thue-nha-dat/ho-chi-minh,2026-05-16,2026-05-16 23:22:42.880951,1,100,500000,0,1
alonhadat,rent_all,alonhadat_18654367,alonhadat_18654367,"CHO THUÊ NHÀ MT TÊN LỬA, 6 X 20M, 3.5 TẤM, 50 TRIỆU | KD SẦM UẤT",50000000,Giá: 50 triệu / tháng,120,5,"Đường Tên Lửa, Phường An Lạc, Hồ Chí Minh

Đường Tên Lửa, Phường Bình Trị Đông B, Quận Bình Tân, Hồ Chí Minh (cũ)",Phường An Lạc,NA,Quận Bình Tân,1030,Văn phòng/Mặt bằng,NA,NA,https://alonhadat.com.vn/files/properties/2026/5/15/thumbnails/018654367-2449-cho-thue-nha-mat-tien-ho-chi-minh.jpg,https://alonhadat.com.vn/cho-thue-nha-mt-ten-lua-6-x-20m-3-5-tam-50-trieu-kd-sam-uat-18654367.html,https://alonhadat.com.vn/cho-thue-nha-dat/ho-chi-minh,2026-05-16,2026-05-16 23:22:42.89369,1,50,416666.6666666667,0,1
alonhadat,rent_all,alonhadat_18607766,alonhadat_18607766,"CHO THUÊ NHÀ KHU TÊN LỬA | 5 X 20M, 3.5 TẤM, 24 TRIỆU/THÁNG | KD ĐÔNG ĐÚC.",24000000,Giá: 24 triệu / tháng,100,4,"Đường Tên Lửa, Phường An Lạc, Hồ Chí Minh

Đường Tên Lửa, Phường Bình Trị Đông B, Quận Bình Tân, Hồ Chí Minh (cũ)",Phường An Lạc,NA,Quận Bình Tân,1030,Văn phòng/Mặt bằng,NA,NA,https://alonhadat.com.vn/files/properties/2026/5/6/thumbnails/018607766-5346-cho-thue-nha-mat-tien-quan-binh-tan-chinh-chu.jpg,https://alonhadat.com.vn/cho-thue-nha-khu-ten-lua-5-x-20m-3-5-tam-24-trieu-thang-kd-dong-duc--18607766.html,https://alonhadat.com.vn/cho-thue-nha-dat/ho-chi-minh,2026-05-16,2026-05-16 23:22:42.906228,1,24,240000,0,1
alonhadat,rent_all,alonhadat_18661503,alonhadat_18661503,Cho thuê nhà nguyên căn đường Phạm Văn Bạch phường 15 quận Tân Bình 2PN giá 8 triệu,8000000,Giá: 8 triệu / tháng,48,2,"Đường Phạm Văn Bạch, Phường Tân Sơn, Hồ Chí Minh

Đường Phạm Văn Bạch, Phường 15, Quận Tân Bình, Hồ Chí Minh (cũ)",Phường Tân Sơn,NA,Quận Tân Bình,1030,Văn phòng/Mặt bằng,NA,NA,https://alonhadat.com.vn/files/properties/2026/5/16/thumbnails/018661503-3412-cho-thue-nha-trong-hem-quan-tan-binh-gia-re.jpg,https://alonhadat.com.vn/cho-thue-nha-nguyen-can-duong-pham-van-bach-phuong-15-quan-tan-binh-2pn-gia-8-trieu-18661503.html,https://alonhadat.com.vn/cho-thue-nha-dat/ho-chi-minh,2026-05-16,2026-05-16 23:22:42.921724,1,8,166666.66666666666,0,1
alonhadat,rent_all,alonhadat_18638603,alonhadat_18638603,"Cho thuê nhà Mặt Tiền Âu Cơ, Quận Tân Phú",22000000,Giá: 22 triệu / tháng,120,2,"Đường Âu Cơ, Phường Tân Sơn Nhì, Hồ Chí Minh

Đường Âu Cơ, Phường Tân Thành, Quận Tân Phú, Hồ Chí Minh (cũ)",Phường Tân Sơn Nhì,NA,Quận Tân Phú,1030,Văn phòng/Mặt bằng,NA,NA,https://alonhadat.com.vn/files/properties/2026/5/12/thumbnails/018638603-1053-cho-thue-nha-mat-tien-quan-tan-phu-chinh-chu.jpg,https://alonhadat.com.vn/cho-thue-nha-mat-tien-au-co-quan-tan-phu-18638603.html,https://alonhadat.com.vn/cho-thue-nha-dat/ho-chi-minh,2026-05-16,2026-05-16 23:22:42.934545,1,22,183333.33333333334,0,1
alonhadat,rent_all,alonhadat_18633688,alonhadat_18633688,"Cho thuê Mặt Bằng Mặt Tiền đẹp Lê Hồng Phong, Q.10",18000000,Giá: 18 triệu / tháng,60,NA,"Đường Lê Hồng Phong, Phường Vườn Lài, Hồ Chí Minh

Đường Lê Hồng Phong, Phường 2, Quận 10, Hồ Chí Minh (cũ)",Phường Vườn Lài,NA,Quận 10,1030,Văn phòng/Mặt bằng,NA,NA,https://alonhadat.com.vn/files/properties/2026/5/12/thumbnails/018633688-0402-cho-thue-mat-bang-ho-chi-minh-gia-re.jpg,https://alonhadat.com.vn/cho-thue-mat-bang-mat-tien-dep-le-hong-phong-q-10-18633688.html,https://alonhadat.com.vn/cho-thue-nha-dat/ho-chi-minh,2026-05-16,2026-05-16 23:22:42.946991,1,18,300000,0,1
alonhadat,rent_apartment,alonhadat_18662401,alonhadat_18662401,Bảng giá cho thuê lâu dài nhà Becamex: 17/5/26,1500000,"Giá: 1,5 triệu / tháng",30,1,"Đường Lê Lợi, Phường Bình Dương, Hồ Chí Minh

Đường Lê Lợi, Phường Hòa Phú, Thành phố Thủ Dầu Một, Bình Dương (cũ)",Phường Bình Dương,NA,Unknown,1010,Căn hộ/Chung cư,NA,NA,https://alonhadat.com.vn/files/properties/2026/5/16/thumbnails/018662401-5454-cho-thue-can-ho-chung-cu-binh-duong-chinh-chu.jpg,https://alonhadat.com.vn/bang-gia-cho-thue-lau-dai-nha-becamex-17-5-26-18662401.html,https://alonhadat.com.vn/cho-thue-can-ho-chung-cu,2026-05-16,2026-05-16 23:22:45.54797,1,1.5,50000,0,1
alonhadat,rent_apartment,alonhadat_18660711,alonhadat_18660711,🏡 CHO THUÊ CĂN HỘ CHUNG CƯ BOTANICA – PHÚ NHUẬN,16000000,Giá: 16 triệu / tháng,93,2,"Đường Nguyễn Thượng Hiền, Phường Đức Nhuận, Hồ Chí Minh

Đường Nguyễn Thượng Hiền, Phường 5, Quận Phú Nhuận, Hồ Chí Minh (cũ)",Phường Đức Nhuận,NA,Quận Phú Nhuận,1010,Căn hộ/Chung cư,NA,NA,https://alonhadat.com.vn/files/properties/2026/5/16/thumbnails/20260516_024634_18660711_0.jpg,https://alonhadat.com.vn/-cho-thue-can-ho-chung-cu-botanica-phu-nhuan-18660711.html,https://alonhadat.com.vn/cho-thue-can-ho-chung-cu,2026-05-16,2026-05-16 23:22:45.601137,1,16,172043.01075268816,0,1
alonhadat,rent_apartment,alonhadat_18656295,alonhadat_18656295,DVCC - CHO THUÊ CĂN HỘ TẠI CHUNG CƯ NGUYỄN KIM VŨNG TÀU - Diện tích: 82m2 gồm 2PN 2wc - Că,8000000,Giá: 8 triệu / tháng,82,2,"Đường Xô Viết Nghệ Tĩnh, Phường Vũng Tàu, Hồ Chí Minh

Đường Xô Viết Nghệ Tĩnh, Phường Thắng Tam, Thành phố Vũng Tàu, Bà Rịa Vũng Tàu (cũ)",Phường Vũng Tàu,NA,Unknown,1010,Căn hộ/Chung cư,NA,NA,https://alonhadat.com.vn/files/properties/2026/5/15/thumbnails/018656295-2530-cho-thue-can-ho-chung-cu-ba-ria-vung-tau-chinh-chu.jpg,https://alonhadat.com.vn/dvcc-cho-thue-can-ho-tai-chung-cu-nguyen-kim-vung-tau-dien-tich-82m2-gom-2pn-2wc-ca-18656295.html,https://alonhadat.com.vn/cho-thue-can-ho-chung-cu,2026-05-16,2026-05-16 23:22:45.616234,1,8,97560.9756097561,0,1
alonhadat,rent_apartment,alonhadat_18574614,alonhadat_18574614,"Cho Thuê Căn Hộ Cao Cấp Viva Riverside - Quận 6 - 70m² - 2PN, 2WC - Nội Thất - Lầu Cao",12000000,Giá: 12 triệu / tháng,70,2,"Đường Võ Văn Kiệt, Phường Bình Tiên, Hồ Chí Minh

Đường Võ Văn Kiệt, Phường 3, Quận 6, Hồ Chí Minh (cũ)",Phường Bình Tiên,NA,Quận 6,1010,Căn hộ/Chung cư,NA,NA,https://alonhadat.com.vn/files/properties/2026/5/6/thumbnails/018574614-5722-cho-thue-can-ho-chung-cu-ho-chi-minh.jpg,https://alonhadat.com.vn/cho-thue-can-ho-viva-riverside-quan-6-2pn-rong-70m-nha-dep-18574614.html,https://alonhadat.com.vn/cho-thue-can-ho-chung-cu,2026-05-16,2026-05-16 23:22:45.64102,1,12,171428.57142857142,0,1
alonhadat,rent_apartment,alonhadat_18658642,alonhadat_18658642,CcDv 🛑 cho thuê căn hộ DIC Phoenix -KĐT Chí Linh,6500000,"Giá: 6,5 triệu / tháng",51,1,"Đường Nguyễn Hữu Cảnh, Phường Tam Thắng, Hồ Chí Minh

Đường Nguyễn Hữu Cảnh, Phường Nguyễn An Ninh, Thành phố Vũng Tàu, Bà Rịa Vũng Tàu (cũ)",Phường Tam Thắng,NA,Unknown,1010,Căn hộ/Chung cư,NA,NA,https://alonhadat.com.vn/files/properties/2026/5/16/thumbnails/018658642-1018-cho-thue-can-ho-chung-cu-thanh-pho-vung-tau.jpg,https://alonhadat.com.vn/ccdv-cho-thue-can-ho-dic-phoenix-kdt-chi-linh-18658642.html,https://alonhadat.com.vn/cho-thue-can-ho-chung-cu,2026-05-16,2026-05-16 23:22:45.653901,1,6.5,127450.98039215687,0,1
alonhadat,rent_apartment,alonhadat_18660024,alonhadat_18660024,Penthouse Phú Mỹ Hưng 280m² – 7PN – Sân BBQ – Giá 5.500 USD/Tháng,145000000,Giá: 145 triệu / tháng,280,7,"Đường Nguyễn Đổng Chi, Phường Tân Mỹ, Hồ Chí Minh

Đường Nguyễn Đổng Chi, Phường Tân Phú, Quận 7, Hồ Chí Minh (cũ)",Phường Tân Mỹ,NA,Quận 7,1010,Căn hộ/Chung cư,NA,NA,https://alonhadat.com.vn/files/properties/2026/5/16/thumbnails/018660024-2714-cho-thue-can-ho-chung-cu-ho-chi-minh-gia-re.jpg,https://alonhadat.com.vn/penthouse-phu-my-hung-280m-7pn-san-bbq-gia-5-500-usd-thang-18660024.html,https://alonhadat.com.vn/cho-thue-can-ho-chung-cu,2026-05-16,2026-05-16 23:22:45.682529,1,145,517857.14285714284,0,1
alonhadat,rent_apartment,alonhadat_18658591,alonhadat_18658591,Cần cho thuê căn hộ Ngọc Phương Nam Quận 8 (Đường Âu Dương Lân ) Ngay Cầu Nguyễn Văn,11000000,Giá: 11 triệu / tháng,90,2,"Đường Âu Dương Lân, Phường Chánh Hưng, Hồ Chí Minh

Đường Âu Dương Lân, Phường 2, Quận 8, Hồ Chí Minh (cũ)",Phường Chánh Hưng,NA,Quận 8,1010,Căn hộ/Chung cư,NA,NA,https://alonhadat.com.vn/files/properties/2026/5/16/thumbnails/018658591-5531-can-cho-thue-can-ho-ngoc-phuong-nam-quan-8-duong-au-duong-lan-ngay-cau-nguyen-van.jpg,https://alonhadat.com.vn/can-cho-thue-can-ho-ngoc-phuong-nam-quan-8-duong-au-duong-lan-ngay-cau-nguyen-van-18658591.html,https://alonhadat.com.vn/cho-thue-can-ho-chung-cu,2026-05-16,2026-05-16 23:22:45.695196,1,11,122222.22222222222,0,1
alonhadat,rent_apartment,alonhadat_18657662,alonhadat_18657662,"(8672) cho thuê lâu dài chung cư Phú Mỹ, 50 m², giá 3 triệu/ tháng",3000000,Giá: 3 triệu / tháng,50,1,"Đại Lộ Bình Dương, Phường Thới Hòa, Hồ Chí Minh

Đại Lộ Bình Dương, Phường Thới Hòa, Thành phố Bến Cát, Bình Dương (cũ)",Phường Thới Hòa,NA,Unknown,1010,Căn hộ/Chung cư,NA,NA,https://alonhadat.com.vn/files/properties/2026/5/15/thumbnails/018657662-1120-cho-thue-can-ho-chung-cu-thanh-pho-ben-cat-gia-re.jpg,https://alonhadat.com.vn/-8672-cho-thue-lau-dai-chung-cu-phu-my-50-m-gia-3-trieu-thang-18657662.html,https://alonhadat.com.vn/cho-thue-can-ho-chung-cu,2026-05-15,2026-05-16 23:22:45.710598,1,3,60000,0,1
