segment,model_exclusion_reason,source,title,price,area,price_per_m2,district_name,category_name,model_category
Bán,Ngoại lệ giá/m² theo nhóm sản phẩm,alonhadat,Bán gấp căn nhà NGAY CHỢ BÌNH CHÁNH đang cho thuê 8triệu/th - 830Triệu - 120m2,830000000,120,6916666.666666667,Huyện Bình Chánh,Nhà ở,Nhà phố/nhà ở
Bán,Ngoại lệ giá/m² theo nhóm sản phẩm,chotot,"CĂN HỘ CỦA SỰ ĐẲNG CẤP - BASON QUẬN 1 - 129M2 - 3PN CHỈ 55,5 TỶ",55500000000,119,466386554.6218488,Quận 1,Căn hộ/Chung cư,Căn hộ
Bán,Ngoại lệ giá/m² theo nhóm sản phẩm,chotot,BÁN CHUNG CƯ GRAND MARINA SAIGON TẦNG CAO VIEW SÔNG 2PN 2WC,31000000000,88,352272727.27272725,Quận 1,Căn hộ/Chung cư,Căn hộ
Bán,Ngoại lệ giá/m² theo nhóm sản phẩm,chotot,"Bán căn hộ 70m2 mặt tiền Lê Lợi, Quận 1",25000000000,70,357142857.14285713,Quận 1,Căn hộ/Chung cư,Căn hộ
Bán,Ngoại lệ giá/m² theo nhóm sản phẩm,chotot,CHỈ CHƯA ĐẾN 2 TỶ BẠN ĐÃ CÓ NGAY 1.500M2 ĐẤT CẦN GIỜ,1990000000,1500,1326666.6666666667,Huyện Cần Giờ,Đất,Đất/đất nền
Bán,Ngoại lệ giá/m² theo nhóm sản phẩm,chotot,BÁN ĐẤT NÔNG NGHIỆP XÃ BÌNH KHÁNH,850000000,672,1264880.9523809524,Huyện Cần Giờ,Đất,Đất/đất nền
Bán,Ngoại lệ giá tuyệt đối theo nhóm sản phẩm,chotot,bán căn hồ Lê Thành Tân Tạo,750000000,34,22058823.529411763,Quận Bình Tân,Căn hộ/Chung cư,Căn hộ
Bán,Ngoại lệ giá/m² theo nhóm sản phẩm,chotot,"Bán lô Đất hiếm gần Mặt Tiền Bình Lợi p.13 BT, 5x20m. Giá rẻ bất ngờ",13600000000,10,1360000000,Quận Bình Thạnh,Đất,Đất/đất nền
Bán,Ngoại lệ giá/m² theo nhóm sản phẩm,chotot,Nhà mới xây mặt tiền đường QL50 vào 100m GIÁ 1 TỶ 270 TRIỆU,1270000000,200,6350000,Huyện Bình Chánh,Nhà ở,Nhà phố/nhà ở
Bán,Ngoại lệ giá tuyệt đối theo nhóm sản phẩm,chotot,"BÁN GẤP CĂN HỘ RUBY TÂN BÌNH, 22m2, CÔNG CHỨNG VI BẰNG, Ở NGAY",899000000,22,40863636.36363637,Quận Tân Bình,Căn hộ/Chung cư,Căn hộ
Bán,Ngoại lệ giá/m² theo nhóm sản phẩm,chotot,Bán CHDV 7 tầng TM 25 phòng KK dòng tiền 1.5 tỷ/năm,29000000000,66.65,435108777.19429857,Quận Tân Bình,Căn hộ/Chung cư,Căn hộ
Bán,Ngoại lệ giá/m² theo nhóm sản phẩm,chotot,BÁN NHÀ MẶT TIỀN NAM KỲ KHỞI NGHĨA – QUẬN 3,60000000000,68.4,877192982.4561403,Quận 3,Nhà ở,Nhà phố/nhà ở
Bán,Ngoại lệ giá tuyệt đối theo nhóm sản phẩm,chotot,chính chủ gửi bán đất mt đường trần khắc chân quận 1,350000000000,571,612959719.7898424,Quận 1,Đất,Đất/đất nền
Bán,Ngoại lệ giá/m² theo nhóm sản phẩm,chotot,Mặt Tiền Bến Nghé Quận 1 - [5 x 21m] Lê Văn Hưu,169000000000,105,1609523809.5238094,Quận 1,Đất,Đất/đất nền
Bán,Ngoại lệ giá/m² theo nhóm sản phẩm,chotot,"NHẬN GIỚI THIỆU NHÀ ĐẤT,CHUNG CƯ,MẶT BẰNG,KHO XƯỞNG HÓC MÔN",1400000000,50,28000000,Huyện Hóc Môn,Nhà ở,Tòa nhà/văn phòng/mặt bằng
Bán,Ngoại lệ giá/m² theo nhóm sản phẩm,chotot,KẸT TIỀN BÁN NHANH 404m² ĐẤT PHONG PHÚ - BÌNH CHÁNH,399000000,404,987623.7623762375,Huyện Bình Chánh,Đất,Đất/đất nền
Bán,Ngoại lệ giá/m² theo nhóm sản phẩm,chotot,CTL 2 phòng ngủ cần bán dt77m2 giá 3.8 tỷ,3800000000,772,4922279.792746114,Quận 12,Căn hộ/Chung cư,Căn hộ
Bán,Ngoại lệ giá/m² theo nhóm sản phẩm,chotot,Cần Tiền Bán Rẻ Căn Hộ 1 PN Gần Chợ - Thang Bộ,650000000,46,14130434.782608695,Quận 12,Căn hộ/Chung cư,Căn hộ
Bán,Ngoại lệ giá/m² theo nhóm sản phẩm,chotot,"Chủ cần gả gấp căn nhà 100,5m2 Tân Thông Hội Củ Chi",900000000,133,6766917.293233083,Huyện Củ Chi,Nhà ở,Nhà phố/nhà ở
Bán,Ngoại lệ giá/m² theo nhóm sản phẩm,chotot,"Nhà giá Tốt kế Thị trấn Củ Chi. Diện tích 111,3m2",900000000,118,7627118.644067797,Huyện Củ Chi,Nhà ở,Nhà phố/nhà ở
Bán,Ngoại lệ giá/m² theo nhóm sản phẩm,chotot,"Bán gấp nhà cấp 4 hẻm ô tô, đường Nguyễn Văn Khạ, Củ Chi, 124m2, 870Tr",870000000,124,7016129.0322580645,Huyện Củ Chi,Nhà ở,Nhà phố/nhà ở
Bán,Ngoại lệ giá/m² theo nhóm sản phẩm,chotot,"Bán nhà hẻm thông Nguyễn Thị Lắng, Củ Chi, 109m2, Sổ hồng, giá 870 Tr",870000000,109,7981651.376146789,Huyện Củ Chi,Nhà ở,Nhà phố/nhà ở
Bán,Ngoại lệ giá/m² theo nhóm sản phẩm,chotot,"Cần bán nhà vườn ờ ấp Bàu Trâu, xã Phước Thạnh",11000000000,4578,2402795.980777632,Huyện Củ Chi,Nhà ở,Nhà phố/nhà ở
Bán,Ngoại lệ giá/m² theo nhóm sản phẩm,chotot,"BÁN DÃY TRỌ 12 PHÒNG,TÂN THÔNG HỘI,CỦ CHI,HƠN 300M²,CHỈ 1TỶ150",1150000000,333,3453453.4534534533,Huyện Củ Chi,Nhà ở,Nhà phố/nhà ở
Bán,Ngoại lệ giá/m² theo nhóm sản phẩm,chotot,"Ngộp chủ cần bán gấp căn nhà đường Giồng Cát, Tân Phú Trung",890000000,189.8999,4686679.666497981,Huyện Củ Chi,Nhà ở,Nhà phố/nhà ở
Bán,Ngoại lệ giá/m² theo nhóm sản phẩm,chotot,Ngộp chủ cần bán gấp căn nhà 87m2 đường Trần Tử Bình Tân Thông Hội,900000000,106,8490566.03773585,Huyện Củ Chi,Nhà ở,Nhà phố/nhà ở
Bán,Ngoại lệ giá/m² theo nhóm sản phẩm,chotot,Cần bán gấp căn nhà cấp 4 ở 1/ Đ. Lê Minh Nhựt-130m2 SHR giá 820 triệu,820000000,130.3,6293169.608595548,Huyện Củ Chi,Nhà ở,Nhà phố/nhà ở
Bán,Ngoại lệ giá/m² theo nhóm sản phẩm,chotot,Bán gấp căn nhà vườn ở ngay Phước Thạnh - Củ Chi 220m2 SHR giá 745tr,745000000,220,3386363.636363636,Huyện Củ Chi,Nhà ở,Nhà phố/nhà ở
Bán,Ngoại lệ giá/m² theo nhóm sản phẩm,chotot,Nhà giá rẻ Tân Thông Hội Củ Chi. Diện tích 57m2,800000000,189.8999,4212745.767638635,Huyện Củ Chi,Nhà ở,Nhà phố/nhà ở
Bán,Ngoại lệ giá/m² theo nhóm sản phẩm,chotot,Ngộp chủ cần bán gấp căn nhà 147m2 đường Cây Da Tân Phú Trung Củ Chi,900000000,156.8,5739795.918367347,Huyện Củ Chi,Nhà ở,Nhà phố/nhà ở
Bán,Ngoại lệ giá/m² theo nhóm sản phẩm,chotot,"Nhà giá rẻ Tân Thông Hội Củ Chi. Diện tích 136,7m2",900000000,151,5960264.900662252,Huyện Củ Chi,Nhà ở,Nhà phố/nhà ở
Bán,Ngoại lệ giá tuyệt đối theo nhóm sản phẩm,chotot,Đất 3 mặt tiền đường Ba Vân - Diện tích lớn trên 2000m,400000000000,2167,184586986.61744347,Quận Tân Bình,Đất,Đất/đất nền
Bán,Ngoại lệ giá/m² theo nhóm sản phẩm,chotot,"Đất trồng cây 18x36m, Tân An Hôi, Củ Chi, chính chủ, sổ riêng, 870tr",870000000,643,1353032.6594090203,Huyện Củ Chi,Đất,Đất/đất nền
Bán,Ngoại lệ giá/m² theo nhóm sản phẩm,chotot,675m2 (15m x 44m)MẶT TIỀN ĐƯỜNG NHỰA CHỈ 780Tr - TÂN THÔNG HỘI -CỦ CHI,780000000,675,1155555.5555555555,Huyện Củ Chi,Đất,Đất/đất nền
Bán,Ngoại lệ giá/m² theo nhóm sản phẩm,chotot,"CHỦ CẦN BÁN GẤP LÔ ĐẤT LỚN 2100m2 TẠI XÃ NHUẬN ĐỨC , CỦ CHI. SHR",2000000000,2100,952380.9523809524,Huyện Củ Chi,Đất,Đất/đất nền
Bán,Ngoại lệ giá/m² theo nhóm sản phẩm,chotot,690 Triệu Sở hữu ngay 481m² mặt tiền đường Nguyễn Viết Xuân,690000000,481,1434511.4345114343,Huyện Củ Chi,Đất,Đất/đất nền
Bán,Ngoại lệ giá tuyệt đối theo nhóm sản phẩm,chotot,"CHỈ 410 TRIỆU - Sở Hữu ngay 127m2 đất ở - Tại Tân Thông Hội, Củ Chi",410000000,127,3228346.4566929135,Huyện Củ Chi,Đất,Đất/đất nền
Bán,Ngoại lệ giá tuyệt đối theo nhóm sản phẩm,chotot,Cô tôi cần bán căn nhà để tiền chữa bệnh nên giá lỗ hơn thị trường,520000000,44,11818181.818181818,Huyện Hóc Môn,Nhà ở,Nhà phố/nhà ở
Bán,Ngoại lệ giá tuyệt đối theo nhóm sản phẩm,chotot,Nhà Hóc Môn 4x7m 2 phòng ngủ gần chợ Xuân Thới Thượng 395tr,395000000,38,10394736.842105264,Huyện Hóc Môn,Nhà ở,Nhà phố/nhà ở
Bán,Ngoại lệ giá tuyệt đối theo nhóm sản phẩm,chotot,"NHÀ GẦN NGÃ BA GIỒNG HÓC MÔN GIÁ 435TR 33,8M2",435000000,33.7999,12869860.56171764,Huyện Hóc Môn,Nhà ở,Nhà phố/nhà ở
Bán,Ngoại lệ giá tuyệt đối theo nhóm sản phẩm,chotot,"Bán Penhouse 1030m2 - Everich Infinity, An Dương Vương, Nội Thất Nhập",90000000000,1030,87378640.77669904,Quận 5,Căn hộ/Chung cư,Căn hộ
Bán,Ngoại lệ giá tuyệt đối theo nhóm sản phẩm,chotot,"Bán Nhà 40m, 2Lầu hẻm 33 Đường số 53 kế Lâm Văn Bền, Quận 7",590000000,40,14750000,Quận 7,Nhà ở,Nhà phố/nhà ở
Bán,Ngoại lệ giá tuyệt đối theo nhóm sản phẩm,chotot,"Bán nền đất đường Bình Mỹ, 5x10m dựng nhà ở liền",310000000,50,6200000,Huyện Củ Chi,Đất,Đất/đất nền
Bán,Ngoại lệ giá/m² theo nhóm sản phẩm,chotot,"BÁN RẺ GẤP 8.200m² ĐẤT CAO RÁO, QH KDC 2030 – AN NHƠN TÂY, CỦ CHI 2",6000000000,4100,1463414.6341463414,Huyện Củ Chi,Đất,Đất/đất nền
Bán,Ngoại lệ giá tuyệt đối theo nhóm sản phẩm,chotot,"Nhà 1 lầu Sổ Hồng Hoàn Công, Nguyễn Thị Búp Quận 12",590000000,15.8,37341772.151898734,Quận 12,Nhà ở,Nhà phố/nhà ở
Bán,Ngoại lệ giá/m² theo nhóm sản phẩm,chotot,nhà mới đẹp mặt tiền kinh doanh bán hoặc cho thuê,73000000000,80,912500000,Quận 5,Nhà ở,Nhà phố/nhà ở
Bán,Ngoại lệ giá/m² theo nhóm sản phẩm,chotot,"đất 5 sổ riêng , bán 7,5tr/m Bà Điểm Dân Cư . gần Tân Thới Nhất Q12",3750000000,2900,1293103.448275862,Huyện Hóc Môn,Đất,Đất/đất nền
Bán,Ngoại lệ giá/m² theo nhóm sản phẩm,chotot,"Bán 4.181m2 đất trồng cây lâu năm trên đường cá lăng, phú hòađông 5 tỷ",5000000000,4187,1194172.4385001194,Quận Bình Thạnh,Đất,Đất/đất nền
Bán,Ngoại lệ giá/m² theo nhóm sản phẩm,chotot,Nhà giá rẻ Tân Thông Hội Củ Chi. Diện tích 124m2 - chốt 890 triệu,890000000,140,6357142.857142857,Huyện Củ Chi,Nhà ở,Nhà phố/nhà ở
Bán,Ngoại lệ giá/m² theo nhóm sản phẩm,chotot,"CHỦ BÁN NHÀ MTD TỈNH LỘ 7 - SHR 126M2 980TR THÁI MỸ, CỦ CHI",980000000,126.3,7759303.246239114,Huyện Củ Chi,Nhà ở,Nhà phố/nhà ở
Bán,Ngoại lệ giá/m² theo nhóm sản phẩm,chotot,"CHỦ NGỘP BANK – BÁN GẤP NHÀ SHR TÂN THÔNG HỘI, CỦ CHI 780 TR,,IỆU",780000000,178,4382022.471910113,Huyện Củ Chi,Nhà ở,Nhà phố/nhà ở
Bán,Ngoại lệ giá/m² theo nhóm sản phẩm,chotot,"Bán nhà C4 chợ Chiều Tân Phú Trung 95,8m2 Sổ hồng riêng giá 790 triệu",790000000,95.8,8246346.555323591,Huyện Củ Chi,Nhà ở,Nhà phố/nhà ở
Bán,Ngoại lệ giá/m² theo nhóm sản phẩm,chotot,CHỦ CẦN VỐN BÁN GẤP NHÀ MTD NG THỊ TRIỆU- SHR- 1 TỶ 2- TÂN AN HỘ,1200000000,185,6486486.486486486,Huyện Củ Chi,Nhà ở,Nhà phố/nhà ở
Bán,Ngoại lệ giá/m² theo nhóm sản phẩm,chotot,"Bán gấp căn nhà mới gần BV Xuyên Á - Củ Chi, 105m2, Giá 895 Triệu, Shr",895000000,105,8523809.523809524,Huyện Củ Chi,Nhà ở,Nhà phố/nhà ở
Bán,Ngoại lệ giá/m² theo nhóm sản phẩm,chotot,Nhà giá rẻ Tân Thông Hội Củ Chi. Diện tích 212m2 - chốt 900 triệu,900000000,212,4245283.018867925,Huyện Củ Chi,Nhà ở,Nhà phố/nhà ở
Bán,Ngoại lệ giá/m² theo nhóm sản phẩm,chotot,Nhà giá rẻ đường Huỳnh Thị Thơm Tân Thông Hội Củ Chi,900000000,126,7142857.142857143,Huyện Củ Chi,Nhà ở,Nhà phố/nhà ở
Bán,Ngoại lệ giá/m² theo nhóm sản phẩm,chotot,Bán Nhà Mặt Tiền Đường Tỉnh Lộ 7 Thích Hợp Kinh Doanh Giá 790TR bớtlộc,790000000,126.3,6254948.535233571,Huyện Củ Chi,Nhà ở,Nhà phố/nhà ở
Bán,Ngoại lệ giá/m² theo nhóm sản phẩm,chotot,"Nhà giá rẻ Tân Thông Hội Củ Chi. Diện tích 121,1m2 - chốt 899 triệu",890000000,125,7120000,Huyện Củ Chi,Nhà ở,Nhà phố/nhà ở
Bán,Ngoại lệ giá tuyệt đối theo nhóm sản phẩm,chotot,"Bán gấp nhà mặt tiền Tú Xương, Quận 3. ( gồm 2 Hầm 3 tầng DT 341m2 )",270000000000,341,791788856.3049853,Quận 3,Nhà ở,Nhà phố/nhà ở
Bán,Ngoại lệ giá/m² theo nhóm sản phẩm,chotot,"Bán chung cư Cao ốc Đại Thành, 76m², 2PN, giá cố định 1,7 tỷ",1700000000,76,22368421.05263158,Quận Tân Phú,Căn hộ/Chung cư,Tòa nhà/văn phòng/mặt bằng
Bán,Ngoại lệ giá/m² theo nhóm sản phẩm,chotot,"BÁN GẤP MẶT TIỀN 130BIS TRẦN HUY LIỆU, P15, PHÚ NHUẬN - GIẢM NGAY 2 TỶ",21000000000,40,525000000,Quận Phú Nhuận,Căn hộ/Chung cư,Căn hộ
Bán,Ngoại lệ giá/m² theo nhóm sản phẩm,chotot,"Cần Bán gấp CHCC Tòa SEA Grand Marina, SHLD, Giá RẺ, 63m2, 1PN, Q1",31500000000,63,500000000,Quận 1,Căn hộ/Chung cư,Căn hộ
Bán,Ngoại lệ giá/m² theo nhóm sản phẩm,chotot,Căn hộ xa xỉ One Central Saigon Bến Thành,125000000000,98,1275510204.0816326,Quận 1,Căn hộ/Chung cư,Căn hộ
Bán,Ngoại lệ giá/m² theo nhóm sản phẩm,chotot,ib,200000000000,250,800000000,Quận 1,Căn hộ/Chung cư,Căn hộ
Bán,Ngoại lệ giá tuyệt đối theo nhóm sản phẩm,chotot,"Nhà đúc lầu, 2 phòng ngủ, balon rộng. sau Nhà Mặt Tiền",550000000,13,42307692.307692304,Quận 12,Nhà ở,Nhà phố/nhà ở
Bán,Ngoại lệ giá/m² theo nhóm sản phẩm,chotot,BÁN DÃY TRỌ THU NHẬP ỔN ĐỊNH – 246m² – 1 KIOT + 8 PHÒNG,1500000000,246,6097560.975609756,Huyện Củ Chi,Nhà ở,Nhà phố/nhà ở
Bán,Ngoại lệ giá/m² theo nhóm sản phẩm,chotot,"Ngộp chủ cần bán gấp căn nhà 122,1m2 Tân Thông Hội Củ Chi",890000000,125,7120000,Huyện Củ Chi,Nhà ở,Nhà phố/nhà ở
Bán,Ngoại lệ giá/m² theo nhóm sản phẩm,chotot,"Bán Dãy Trọ 333m² Thổ Cư Mặt Tiền Đường 27,Củ Chi chỉ 1ty5",1500000000,333,4504504.504504505,Huyện Củ Chi,Nhà ở,Nhà phố/nhà ở
Bán,Ngoại lệ giá/m² theo nhóm sản phẩm,chotot,Bán gấp dãy trọ 7p đang kinh doanh dt151m2 giá 1 tỷ 050 SHR,1050000000,151,6953642.38410596,Huyện Củ Chi,Nhà ở,Nhà phố/nhà ở
Bán,Ngoại lệ giá/m² theo nhóm sản phẩm,chotot,Nhà c4 đường số 36 Tân Thông Hội dt 102m2 giá 850 triệu Sổ Hồng Riêng,850000000,102,8333333.333333333,Huyện Củ Chi,Nhà ở,Nhà phố/nhà ở
Bán,Ngoại lệ giá/m² theo nhóm sản phẩm,chotot,Bán nhà cấp 4 Ấp Tiền Tân Phú Trung 103m2 sổ hồng riêng giá 780 triệu,780000000,103,7572815.533980583,Huyện Củ Chi,Nhà ở,Nhà phố/nhà ở
Bán,Ngoại lệ giá/m² theo nhóm sản phẩm,chotot,"Bán khu trọ 5 phòng 132.8m2 chỉ 830tr, gần KCN Tân Phú Trung, Củ Chi",830000000,130,6384615.384615385,Huyện Củ Chi,Nhà ở,Nhà phố/nhà ở
Bán,Ngoại lệ giá/m² theo nhóm sản phẩm,chotot,"Bán gấp căn nhà ở 1/ Đ. Phan Thị Cộng ( Củ Chi ) 112,3m2 SHR giá 800tr",800000000,112.3,7123775.601068567,Huyện Củ Chi,Nhà ở,Nhà phố/nhà ở
Bán,Ngoại lệ giá/m² theo nhóm sản phẩm,chotot,Ngộp! Bán gấp nhà C4 Ấp Chợ Tân Phú Trung 141m2 SHR giá 950 triệu,950000000,141,6737588.652482269,Huyện Củ Chi,Nhà ở,Nhà phố/nhà ở
Bán,Ngoại lệ giá/m² theo nhóm sản phẩm,chotot,"BÁN GẤP NHÀ VƯỜN VIEW ĐẸP - MẶT TIỀN ĐƯỜNG BẾN SÚC, CỦ CHI Cơ hội",9000000000,1073.2,8386134.923592992,Huyện Củ Chi,Nhà ở,Nhà phố/nhà ở
Bán,Ngoại lệ giá tuyệt đối theo nhóm sản phẩm,chotot,Cần bán chung cư lê thành tân tạo,870000000,36,24166666.666666668,Quận Bình Tân,Căn hộ/Chung cư,Căn hộ
Bán,Ngoại lệ giá tuyệt đối theo nhóm sản phẩm,chotot,"Bán đất 2 mặt tiền trước sau 2 xẹt kênh Trung ương, vĩnh lộc b",350000000,52,6730769.230769231,Huyện Bình Chánh,Đất,Đất/đất nền
Bán,Ngoại lệ giá/m² theo nhóm sản phẩm,chotot,"Bán 3.000m2 đất, đường xe hơi, xã Tân Nhựt, Bình Chánh",2100000000,3000,700000,Huyện Bình Chánh,Đất,Đất/đất nền
Bán,Ngoại lệ giá/m² theo nhóm sản phẩm,chotot,SELL 2BR - FULLY FURNISH - 82M2 - TẦNG CAO - THOÁNG,32000000000,82,390243902.4390244,Quận 1,Căn hộ/Chung cư,Căn hộ
Bán,Ngoại lệ giá tuyệt đối theo nhóm sản phẩm,chotot,Cần bán nhanh 1 căn chung cư mini,890000000,30,29666666.666666668,Quận Tân Bình,Căn hộ/Chung cư,Căn hộ
Bán,Ngoại lệ giá/m² theo nhóm sản phẩm,chotot,CẦN BÁN NHÀ CẤP4 ĐƯỜNG NGUYỄN THỊ LẮNG TÂN PHÚ TRUNG CỦ CHI 155M2 1TỶ1,1100000000,155.5,7073954.98392283,Huyện Củ Chi,Nhà ở,Nhà phố/nhà ở
Bán,Ngoại lệ giá/m² theo nhóm sản phẩm,chotot,Cần bán gấp căn nhà cấp 4 ở 1/Trần Văn Chẫm-Củ Chi 148m2 SHR giá 900Tr,900000000,148.6,6056527.590847914,Huyện Củ Chi,Nhà ở,Nhà phố/nhà ở
Bán,Ngoại lệ giá/m² theo nhóm sản phẩm,chotot,Cần tiền ! Bán căn nhà cấp 4 ở gần cầu vượt Củ Chi 117m2 SHR giá 810tr,810000000,117.5,6893617.021276596,Huyện Củ Chi,Nhà ở,Nhà phố/nhà ở
Bán,Ngoại lệ giá/m² theo nhóm sản phẩm,chotot,"Nhà giá rẻ Tân Thông Hội Củ Chi. Diện tích 121,5m2",900000000,138.6999,6488829.4800500935,Huyện Củ Chi,Nhà ở,Nhà phố/nhà ở
Bán,Ngoại lệ giá/m² theo nhóm sản phẩm,chotot,"ANH HẢI NGỘP BANK – CẦN BÁN GẤP NHÀ SHR TÂN PHÚ TRUNG 810 TR,,IỆU",810000000,136,5955882.352941177,Huyện Củ Chi,Nhà ở,Nhà phố/nhà ở
Bán,Ngoại lệ giá/m² theo nhóm sản phẩm,chotot,Nhà vườn 50m2 3 mặt cây xanh thích hợp nghĩ dưỡng chữa lành để dành,699000000,385,1815584.4155844157,Huyện Củ Chi,Nhà ở,Nhà phố/nhà ở
Bán,Ngoại lệ giá/m² theo nhóm sản phẩm,chotot,"KẸT TIỀN BÁN NHANH NHÀ TÂN AN HỘI – CỦ CHI, SHR 790 TR,IỆU 144m2",790000000,144,5486111.111111111,Huyện Củ Chi,Nhà ở,Nhà phố/nhà ở
Bán,Ngoại lệ giá/m² theo nhóm sản phẩm,chotot,"Bán Dãy Trọ Củ Chi 4 Phòng 850TR , Thu Nhập 7TR/Tháng, Tân Thông Hội",850000000,402,2114427.8606965174,Huyện Củ Chi,Nhà ở,Nhà phố/nhà ở
Bán,Ngoại lệ giá/m² theo nhóm sản phẩm,chotot,"Bán nhà cấp 4, Tặng 4 phòng trọ, Phước Vĩnh An, Củ Chi 10x40, Sổ Riêng",950000000,399,2380952.380952381,Huyện Củ Chi,Nhà ở,Phòng trọ
Bán,Ngoại lệ giá tuyệt đối theo nhóm sản phẩm,chotot,Nhà sổ chung mini gần trường tiểu học và Giáo xứ Bình Chiểu,550000000,12,45833333.333333336,Thành phố Thủ Đức,Nhà ở,Nhà phố/nhà ở
Bán,Ngoại lệ giá/m² theo nhóm sản phẩm,chotot,Mặt Tiền Chung Cư Ngô Quyền - 58m2 - 8.5 Tỷ,85000000000,58,1465517241.3793104,Quận 5,Nhà ở,Căn hộ
Bán,Ngoại lệ giá/m² theo nhóm sản phẩm,chotot,Ủy Quyền bán tài sản Nguyễn Văn Trỗi Phú Nhuận,290000000000,300,966666666.6666666,Quận Phú Nhuận,Đất,Đất/đất nền
Bán,Ngoại lệ giá tuyệt đối theo nhóm sản phẩm,chotot,cần ban,550000000,15,36666666.666666664,Quận 7,Nhà ở,Nhà phố/nhà ở
Bán,Ngoại lệ giá/m² theo nhóm sản phẩm,chotot,BÁN CĂN HỘ DỊCH VỤ 18 PHÒNG THẢO ĐIỀN QUẬN 2,32000000000,98,326530612.24489796,Thành phố Thủ Đức,Căn hộ/Chung cư,Căn hộ
Bán,Ngoại lệ giá tuyệt đối theo nhóm sản phẩm,chotot,BÁN NHÀ CẤP 4 SUỐT 3X6 HẺM C13 PHẠM HÙNG KẾ KDC TRUNG SƠN GẦN HXH,599000000,18,33277777.777777776,Quận 8,Nhà ở,Nhà phố/nhà ở
Bán,Ngoại lệ giá tuyệt đối theo nhóm sản phẩm,chotot,Nhà hẽm Sơn Kỳ giấy tay gia tộc để lại,410000000,11,37272727.27272727,Quận Tân Phú,Nhà ở,Nhà phố/nhà ở
Bán,Ngoại lệ giá tuyệt đối theo nhóm sản phẩm,chotot,Bán gấp căn nhà Hóc Môn 4x10 385Triệu gần chợ Xuân Thới Thượng,385000000,42.2999,9101676.363301096,Huyện Hóc Môn,Nhà ở,Nhà phố/nhà ở
Bán,Ngoại lệ giá/m² theo nhóm sản phẩm,chotot,Nhà Hóc Môn có sổ 550tr gần chợ Xuân Thới Thượng Hóc Môn,550000000,72,7638888.888888889,Huyện Hóc Môn,Nhà ở,Nhà phố/nhà ở
Bán,Ngoại lệ giá/m² theo nhóm sản phẩm,chotot,"Nhà Hóc Môn bán gấp 595 Triệu, 2 Phòng Ngủ, Cách ngã Tư An Sương 25p",595000000,139.6,4262177.650429799,Huyện Hóc Môn,Nhà ở,Nhà phố/nhà ở
Bán,Ngoại lệ giá/m² theo nhóm sản phẩm,chotot,NHÀ VƯỜN 250M2 DUONG CÔNG KHI ĐƯỜNG THÔNG XE TẢI TIỆN XÂY BIỆT THỰ,5600000000,250,22400000,Huyện Hóc Môn,Nhà ở,Biệt thự/cao cấp
Bán,Ngoại lệ giá tuyệt đối theo nhóm sản phẩm,chotot,Cần bán gap Lê Thành Tân Tạo 34m 1PN 730,730000000,34,21470588.23529412,Quận Bình Tân,Căn hộ/Chung cư,Căn hộ
Bán,Ngoại lệ giá tuyệt đối theo nhóm sản phẩm,chotot,BÁN CĂN HỘ CHO THUÊ LÊ THÀNH 49 NĂM 780tr,780000000,39,20000000,Quận Bình Tân,Căn hộ/Chung cư,Căn hộ
Bán,Ngoại lệ giá/m² theo nhóm sản phẩm,chotot,"TT 8-9tr/tháng, căn hộ 2pn2wc dt 65m2 tặng full nội thất cao cấp",400000000,65,6153846.153846154,Quận Bình Tân,Căn hộ/Chung cư,Căn hộ
Bán,Ngoại lệ giá/m² theo nhóm sản phẩm,chotot,"Mây Hồng Villa xây dựng mới vừa hoàn công, tiêu chuẩn resort cao cấp",15000000000,2553,5875440.658049353,Huyện Củ Chi,Nhà ở,Biệt thự/cao cấp
Bán,Ngoại lệ giá/m² theo nhóm sản phẩm,chotot,"Bán nhà chuyển chỗ ở giá 1tỷ , SHR, nằm ngay Đ Phạm Hữu Tâm , DT 124M2",1000000000,124,8064516.129032258,Huyện Củ Chi,Nhà ở,Nhà phố/nhà ở
Bán,Ngoại lệ giá/m² theo nhóm sản phẩm,chotot,"BÁN NHÀ VƯỜN NGHỈ DƯỠNG CỦ CHI, MẶT TIỀN ĐƯỜNG CÂY CHÔM, CÓ SỔ SẴN, TL",1900000000,1991,954294.3244600703,Huyện Củ Chi,Nhà ở,Nhà phố/nhà ở
Bán,Ngoại lệ giá tuyệt đối theo nhóm sản phẩm,chotot,"Nhà vb 4x9m.trệt,lửng.đường rộng lớn.hẻm oto.nhanh",395000000,40,9875000,Huyện Củ Chi,Nhà ở,Nhà phố/nhà ở
Bán,Ngoại lệ giá/m² theo nhóm sản phẩm,chotot,Bán nhà MT kinh doanh,18000000000,20,900000000,Huyện Củ Chi,Nhà ở,Nhà phố/nhà ở
Bán,Ngoại lệ giá/m² theo nhóm sản phẩm,chotot,BÁN NHÀ MẶT TIỀN TỈNH LỘ 7 DT 126M2 SHR CHỦ NGỘP BÁN GẤP GIÁ RẺ 800TR,800000000,126.3,6334125.098970705,Huyện Củ Chi,Nhà ở,Nhà phố/nhà ở
Bán,Ngoại lệ giá/m² theo nhóm sản phẩm,chotot,Cắt lỗ Vầ giá nét 1ty250 triệu Sổ Hồng riêng Ngay Tân thông hội Củ Chi,1250000000,200,6250000,Huyện Củ Chi,Nhà ở,Nhà phố/nhà ở
Bán,Ngoại lệ giá/m² theo nhóm sản phẩm,chotot,"Bán biệt thự sân vườn gần hồ bơi Ngọc Diệp Rừng Sác, xã BK, dt 828,6m",13000000000,828.5999,15689116.061925665,Huyện Cần Giờ,Nhà ở,Biệt thự/cao cấp
Bán,Ngoại lệ giá/m² theo nhóm sản phẩm,chotot,BÁN 1000 m2 ĐẤT NÔNG NGHIỆP,920000000,1000,920000,Quận 8,Đất,Đất/đất nền
Bán,Ngoại lệ giá/m² theo nhóm sản phẩm,alonhadat,Bán Gấp Nhà Lầu Mặt Tiền Kinh Doanh Chợ Bờ Ngựa- Đang cho thuê 12tr/tháng - Đường 10M,920000000,150,6133333.333333333,Huyện Bình Chánh,Nhà ở,Nhà phố/nhà ở
Bán,Ngoại lệ giá/m² theo nhóm sản phẩm,alonhadat,Bán gấp dãy trọ 6p + 1kiot KCN Tây Bắc Củ Chi 144m2 giá 1 tỷ 2 Sổ Hồng Riêng,1200000000,144,8333333.333333333,Huyện Củ Chi,Mặt bằng,Tòa nhà/văn phòng/mặt bằng
Bán,Ngoại lệ giá tuyệt đối theo nhóm sản phẩm,alonhadat,"Chủ gửi bán gấp dãy nhà trọ 10 phòng 1 kiot ,Tân Phú Trung, huyện Củ Chi giá 830 triệu",830000000,240,3458333.3333333335,Huyện Củ Chi,Nhà trọ,Phòng trọ
Bán,Ngoại lệ giá/m² theo nhóm sản phẩm,alonhadat,"Bán nhà tại Cây Da 150m2 5x30, sổ hồng riêng, giá 1,1 tỷ",1100000000,150,7333333.333333333,Huyện Củ Chi,Nhà ở,Nhà phố/nhà ở
Bán,Ngoại lệ giá/m² theo nhóm sản phẩm,alonhadat,"Bán nhà cấp 4 cũ 1 sẹc đường 28, xã Tân Thông Hội Củ CHi - SỔ HỒNG RIÊNG",760000000,154,4935064.935064935,Huyện Củ Chi,Nhà ở,Nhà phố/nhà ở
Bán,Ngoại lệ giá/m² theo nhóm sản phẩm,alonhadat,Bán gấp nhà cấp 4 1 trệt 1 lửng xã Tân An Hội Củ Chi dt 170m2 giá rẻ chỉ 850tr,850000000,170,5000000,Huyện Củ Chi,Nhà ở,Nhà phố/nhà ở
Bán,Ngoại lệ giá/m² theo nhóm sản phẩm,alonhadat,"Nhà cấp 4 mới keng, SHR, 162,5m2, Xã Tân An Hội, Giá 865 triệu",865000000,163,5306748.466257669,Huyện Củ Chi,Nhà ở,Nhà phố/nhà ở
Bán,Ngoại lệ giá/m² theo nhóm sản phẩm,alonhadat,Bán Nhà Mặt Tiền Đường Tỉnh Lộ 7 Thích Hợp Kinh Doanh Giá 900TR,900000000,126,7142857.142857143,Huyện Củ Chi,Nhà ở,Nhà phố/nhà ở
Bán,Ngoại lệ giá/m² theo nhóm sản phẩm,alonhadat,Nhà cấp 4 mới dt 102m2 sổ hồng riêng 1 sẹc Nguyễn Thị Rành giá 830 triệu,830000000,102,8137254.901960785,Huyện Củ Chi,Nhà ở,Nhà phố/nhà ở
Bán,Ngoại lệ giá/m² theo nhóm sản phẩm,alonhadat,Bán gấp nhà mặt tiền đường tỉnh lộ 7 dt126m2 chủ ngộp bán gấp giá 750tr,750000000,126,5952380.952380952,Huyện Củ Chi,Nhà ở,Nhà phố/nhà ở
Bán,Ngoại lệ giá/m² theo nhóm sản phẩm,alonhadat,"Bán biệt thự cổ điển Ý Nguyễn Đình Chiểu, p. Đa Kao, Q.1",320000000000,318,1006289308.1761006,Quận 1,Biệt thự,Biệt thự/cao cấp
Bán,Ngoại lệ giá/m² theo nhóm sản phẩm,alonhadat,"bán nhà mặt tiền đường trường sa sát trung tâm q1,3",20500000000,55,372727272.72727275,Quận 1,Căn hộ chung cư,Căn hộ
Bán,Ngoại lệ giá tuyệt đối theo nhóm sản phẩm,alonhadat,"Giảm 17 Tỷ Bán CHDV mặt tiền khu Phố Nhật Phạm Vết Chánh, Giáp Q.1, 10x45m,TN 270tr/tháng",93000000000,450,206666666.66666663,Quận 1,Căn hộ chung cư,Căn hộ
Bán,Ngoại lệ giá tuyệt đối theo nhóm sản phẩm,alonhadat,"Bán Toà CHDV 7 Tầng NGANG 12M đường TRẦN HƯNG ĐẠO, Q1, 12x25m, HĐT 200 triệu, Chỉ 90 Tỷ",90000000000,300,300000000,Quận 1,Căn hộ chung cư,Căn hộ
Bán,Ngoại lệ giá/m² theo nhóm sản phẩm,alonhadat,"Bán nhà đường Mạc Đĩnh Chi - Nguyễn thị Minh Khai, Quận 1. 10,7x19m hầm 8 tầng 7 tỷ 5/ năm",260000000000,200,1300000000,Quận 1,Nhà ở,Nhà phố/nhà ở
Bán,Ngoại lệ giá/m² theo nhóm sản phẩm,alonhadat,"Bán căn góc 2 MT Bùi Thị Xuân, P.Bến Thành Q1 - 40m² (4,5x13) - 2 lầu HĐT 100 tr Gía 42 tỷ",42000000000,40,1050000000,Quận 1,Nhà ở,Nhà phố/nhà ở
Bán,Ngoại lệ giá/m² theo nhóm sản phẩm,alonhadat,"Bán nhà Góc 2 mặt tiền Bùi Thị Xuân, Quận 1 - 68 m² 4 tầng CTXD Hầm 7 tầng Gía 68 tỷ",68000000000,68,1000000000,Quận 1,Nhà ở,Nhà phố/nhà ở
Bán,Ngoại lệ giá/m² theo nhóm sản phẩm,alonhadat,Bán MT Nguyễn Thái Bình P.PNL Q.1-DT: 12Mx19M. Cn 208m2-Hầm 12 tầng - HĐT 960tr/th - 185tỷ,185000000000,228,811403508.7719299,Quận 1,Nhà ở,Nhà phố/nhà ở
Bán,Ngoại lệ giá tuyệt đối theo nhóm sản phẩm,alonhadat,"Bán nhà MT Lý Tự Trọng, P. Bến Thành, Quận 1 - DT: 14mx33m - Giá bán 270 tỷ",270000000000,462,584415584.4155844,Quận 1,Nhà ở,Nhà phố/nhà ở
Bán,Ngoại lệ giá/m² theo nhóm sản phẩm,alonhadat,Phố Đi Bộ Nguyễn Huệ - Đường Hồ Tùng Mậu - Quận 1 - HĐT 150 tr/th - 65 Tỷ,65000000000,68,955882352.9411764,Quận 1,Nhà ở,Nhà phố/nhà ở
Bán,Ngoại lệ giá/m² theo nhóm sản phẩm,alonhadat,Tòa nhà góc 3MT - Phố Tài Chính | Số 3-5 Pasteur | 8x19m | Hầm 10 Tầng | HĐT: 18.000$/th,250000000000,154,1623376623.3766234,Quận 1,Nhà ở,Tòa nhà/văn phòng/mặt bằng
Bán,Ngoại lệ giá tuyệt đối theo nhóm sản phẩm,alonhadat,Bán nhà góc 2 mặt tiền ngay Trần Hưng Đạo | DT: 13x60m | CN: 705m2 | Giá bán: 350 tỷ,350000000000,705,496453900.7092199,Quận 1,Nhà ở,Nhà phố/nhà ở
Bán,Ngoại lệ giá/m² theo nhóm sản phẩm,alonhadat,"khu bán đồ cổ Lê Công Kiều, phường Bến Thành",84000000000,63,1333333333.3333333,Quận 1,Nhà ở,Nhà phố/nhà ở
Bán,Ngoại lệ giá/m² theo nhóm sản phẩm,alonhadat,"Siêu phẩm hiếm nhà bán MT đường ngay Nguyễn Huệ, P.Bến Nghé, Q.1 (8.3x23m) 270 tỷ",270000000000,186,1451612903.2258065,Quận 1,Nhà ở,Biệt thự/cao cấp
Bán,Ngoại lệ giá/m² theo nhóm sản phẩm,alonhadat,"Bán nhà 4 tầng CMT8,p.Bến Thành, Quận 1- 8x15m- sẵn dòng tiền 200 triệu/tháng- 110 Tỷ TL",110000000000,103,1067961165.0485436,Quận 1,Nhà ở,Nhà phố/nhà ở
Bán,Ngoại lệ giá tuyệt đối theo nhóm sản phẩm,alonhadat,"Bán căn góc 2 mặt tiền Nguyễn Thị Minh Khai, Quận 1, dt: 20x35m 2 tầng 399 tỷ",399000000000,700,570000000,Quận 1,Đất,Đất/đất nền
Bán,Ngoại lệ giá/m² theo nhóm sản phẩm,alonhadat,"Siêu phẩm góc vàng Lê Duẩn – Nguyễn Du, phường Bến Nghé, Quận 1",399000000000,329,1212765957.4468086,Quận 1,Đất,Đất/đất nền
Bán,Ngoại lệ giá/m² theo nhóm sản phẩm,alonhadat,"Bán Khách sạn quận 1 mặt tiền Lê Thánh Tôn, hầm 10 tầng, 500 triệu/tháng, 150 tỷ",150000000000,147,1020408163.265306,Quận 1,Đất,Đất/đất nền
Bán,Ngoại lệ giá/m² theo nhóm sản phẩm,alonhadat,"Siêu vị trí ngay vòng xoay Phù Đổng - Bán khách sạn 10 tầng, dòng tiền cao",110000000000,125,880000000,Quận 1,Đất,Đất/đất nền
Bán,Ngoại lệ giá/m² theo nhóm sản phẩm,alonhadat,"Bán nhà MT Trần Hưng Đạo ngay Pullman, vị trí vàng làm trụ sở VP",285000000000,431,661252900.2320186,Quận 1,Đất,Đất/đất nền
Bán,Ngoại lệ giá/m² theo nhóm sản phẩm,alonhadat,BÁN NHÀ MT.VIP NHẤT ĐƯỜNG.LÊ LAI.P.B THÀNH.Q1.DT: 8.2M X 21M NHÀ 4 LẦU GIÁ: 172 TỶ,172000000000,176,977272727.2727273,Quận 1,Đất,Đất/đất nền
Bán,Ngoại lệ giá/m² theo nhóm sản phẩm,alonhadat,"Mặt Tiền Huỳnh Thúc Kháng P.Bến Nghé Quận 1, DT: 4,5x20m-6 tầng-HĐT 150tr/th Giá 79 tỷ",79000000000,81,975308641.9753088,Quận 1,Đất,Đất/đất nền
Bán,Ngoại lệ giá/m² theo nhóm sản phẩm,alonhadat,"Siêu Phẩm Mặt Tiền 80 Lý Tự Trọng Quận 1, DT: 4x25m - 3 tầng - HĐT 100tr/th Giá 79 tỷ",79000000000,94,840425531.9148936,Quận 1,Đất,Đất/đất nền
Bán,Ngoại lệ giá/m² theo nhóm sản phẩm,alonhadat,"CƠ HỘI SỞ HỮU BẤT ĐỘNG SẢN HIẾM HÓT TRÊN TUYẾN ĐƯỜNG LÊ LAI – PHƯỜNG BẾN THÀNH, QUẬN 1",175000000000,167,1047904191.6167665,Quận 1,Đất,Đất/đất nền
Bán,Ngoại lệ giá/m² theo nhóm sản phẩm,alonhadat,"Mặt tiền Đặng Thị Nhu, Phường Nguyễn Thái Bình - Bến Thành, Quận",40000000000,50,800000000,Quận 1,Đất,Đất/đất nền
Bán,Ngoại lệ giá/m² theo nhóm sản phẩm,alonhadat,Góc 2MT 24 Bùi Thị Xuân Q1 | 9x20m | Hầm 10 Tầng ( 40 phòng ) | HĐT: 480 triệu / tháng,250000000000,180,1388888888.8888888,Quận 1,Đất,Đất/đất nền
Bán,Ngoại lệ giá/m² theo nhóm sản phẩm,alonhadat,"SIÊU PHẨM ĐẤT VÀNG ĐAKAO – 17M MẶT TIỀN NGUYỄN ĐÌNH CHIỂU | 432,5M² | HĐ THUÊ 350 TRIỆU",400000000000,432,925925925.925926,Quận 1,Đất,Đất/đất nền
Bán,Ngoại lệ giá/m² theo nhóm sản phẩm,alonhadat,"GÓC 2 MẶT TIỀN NGUYỄN VĂN THỦ - PHAN KẾ BÍNH, QUẬN 1- 9X15M- 5 TẦNG ĐẸP-GIÁ: 90 TỶ",90000000000,128,703125000,Quận 1,Đất,Đất/đất nền
Bán,Ngoại lệ giá/m² theo nhóm sản phẩm,alonhadat,"Mặt Tiền Bùi Thị Xuân, Phường Bến Thành, Quận 1 8 x 15m, 6 lầu, HĐ 140tr/th - chỉ 7x tỷ",75000000000,94,797872340.4255319,Quận 1,Đất,Đất/đất nền
Bán,Ngoại lệ giá/m² theo nhóm sản phẩm,alonhadat,"Bán gấp siêu phẩm Góc 3MT Trinh Văn Cấn ,P.Bến Thành Q1- 52 m2 (14x4) 5 lầu TM HĐT 150 tr",34000000000,52,653846153.8461539,Quận 1,Đất,Đất/đất nền
Bán,Ngoại lệ giá/m² theo nhóm sản phẩm,alonhadat,Bán MT Thành Thái P.14 Q.10 - DT: 12Mx26M. NH 16m. CN 335m2 - 2 lầu - 110 tỷ,110000000000,335,328358208.95522386,Quận 10,Căn hộ chung cư,Căn hộ
Bán,Ngoại lệ giá tuyệt đối theo nhóm sản phẩm,alonhadat,"Bán Nhà 2MT, 50 Trương Định, Quận 3, DT:20x40 , 3 tầng ,CTXD cao tầng, Giá 500 tỷ Siêu Hot",500000000000,816,612745098.0392157,Quận 3,Biệt thự,Biệt thự/cao cấp
Bán,Ngoại lệ giá/m² theo nhóm sản phẩm,alonhadat,"Bán nhà MT Hồ Xuân Hương, P.6, Quận 3 - DT: 14mx21m. CN: 284m2 - GPXD: Hầm 7 tầng - 94 tỷ",94000000000,284,330985915.4929578,Quận 3,Căn hộ chung cư,Căn hộ
Bán,Ngoại lệ giá tuyệt đối theo nhóm sản phẩm,alonhadat,"Bán góc 2MT Pasteur - Võ Thị Sáu Q.3, CN: 477.6m2 (18mx25m,NH: 20.18m) . giá: 375 tỷ TL",375000000000,478,784518828.4518828,Quận 3,Nhà ở,Nhà phố/nhà ở
Bán,Ngoại lệ giá/m² theo nhóm sản phẩm,alonhadat,"SIÊU PHẨM Hầm 4 Lầu góc 2MT Lý Chính Thắng - Trần Quốc Thảo, 14x28m,HĐT 420 triệu, 329 Tỷ",329000000000,415,792771084.3373494,Quận 3,Đất,Đất/đất nền
Bán,Ngoại lệ giá tuyệt đối theo nhóm sản phẩm,alonhadat,SIÊU KIỆT TÁC DI SẢN QUẬN 3! DINH THỰ CĂN GÓC 2 MẶT TIỀN TRƯƠNG ĐỊNH - KHU VIP TÚ XƯƠNG,500000000000,816,612745098.0392157,Quận 3,Đất,Đất/đất nền
Bán,Ngoại lệ giá/m² theo nhóm sản phẩm,alonhadat,Góc 2 mặt tiền Trần Hưng Đạo – Bùi Hữu Nghĩa Quận 5 HĐ thuê 170tr/th – 79 tỷ,79000000000,95,831578947.3684211,Quận 5,Nhà ở,Nhà phố/nhà ở
Bán,Ngoại lệ giá/m² theo nhóm sản phẩm,alonhadat,"BÁN CĂN GÓC 2MT ĐINH BỘ LĨNH, BÌNH THẠNH - DT 4,5X21M- 6 TẦNG+ TM, HĐT- 80TR/TH- GIÁ 26 TY",26800000000,20,1340000000,Quận Bình Thạnh,Căn hộ chung cư,Căn hộ
Bán,Ngoại lệ giá/m² theo nhóm sản phẩm,alonhadat,"BÁN NHÀ 110 CX NGUYỄN VĂN TRỖI ,Q.PHÚ NHUẬN ,DT:8X20M , 8 TẦNG GIÁ 78 TỶ",78000000000,220,354545454.54545456,Quận Phú Nhuận,Căn hộ chung cư,Căn hộ
Bán,Ngoại lệ giá/m² theo nhóm sản phẩm,alonhadat,"Bán gấp 110 Cư Xá Nguyễn Văn Trỗi, khu Vip nhất tuyến đường,dt: 8x20 nở hậu 15m hầm 7 tầng",78000000000,220,354545454.54545456,Quận Phú Nhuận,Căn hộ chung cư,Căn hộ
Bán,Ngoại lệ giá tuyệt đối theo nhóm sản phẩm,alonhadat,GÓC 3MT 191C Phan Đăng Lưu | 18x30m | CTXD: Hầm 12 Tầng | Gía: 300 tỷ,300000000000,510,588235294.117647,Quận Phú Nhuận,Nhà ở,Nhà phố/nhà ở
Bán,Ngoại lệ giá tuyệt đối theo nhóm sản phẩm,alonhadat,"Cần bán gấp MT Võ Văn Tần , ngang 13m cực hiếm, đơn giá rẻ nhất thị trường",275000000000,464,592672413.7931035,Quận Tân Phú,Nhà ở,Nhà phố/nhà ở
Bán,Ngoại lệ giá/m² theo nhóm sản phẩm,alonhadat,SIÊU PHẨM NHÀ CẤP 4 MTKD TÂY THẠNH - TÂN PHÚ - dt: 3000M2 - Giá : 209 tỷ TL,2090000000,3000,696666.6666666666,Quận Tân Phú,Đất,Đất/đất nền
Bán,Ngoại lệ giá/m² theo nhóm sản phẩm,alonhadat,"BÁN TÒA CĂN HỘ DỊCH VỤ – KHU BÌNH AN, QUẬN 2 - 9X13M- 4 TẦNG- HĐT: 75 TRIỆU- GIÁ: 38 TỶ",38000000000,115,330434782.6086956,Thành phố Thủ Đức,Căn hộ chung cư,Căn hộ
Bán,Ngoại lệ giá/m² theo nhóm sản phẩm,alonhadat,NHÀ 1 TRỆT 1 LẨU NGANG 5M 104M2 ĐƯỜNG LÊ THỊ HOA,105000000000,104,1009615384.6153846,Thành phố Thủ Đức,Nhà ở,Nhà phố/nhà ở
Bán,Ngoại lệ giá tuyệt đối theo nhóm sản phẩm,alonhadat,Bán nhà góc 2MT Trần Não - DT khủng 20x50m - XD: Hầm 8 lầu - HĐT: 350tr/th - có GPXD H8L,285000000000,1000,285000000,Thành phố Thủ Đức,Nhà ở,Nhà phố/nhà ở
Bán,Ngoại lệ giá/m² theo nhóm sản phẩm,homedy,"Giá tốt 610 triệu - Suối Lội 1/ Mặt tiền đường 409. Xã Củ Chi, 150m. Dân cư hiện hữu. Đã có sổ",610000000,150,4066666.6666666665,Huyện Củ Chi,Bất động sản khác,Nhà phố/nhà ở
Bán,Ngoại lệ giá/m² theo nhóm sản phẩm,homedy,Hạ Giá - Bán gấp căn nhà cấp 4 ở gần chợ Sáng Tân Phú Trung 105m2 SHR giá 800tr,800000000,105,7619047.619047619,Huyện Củ Chi,Nhà phố,Nhà phố/nhà ở
Bán,Ngoại lệ giá/m² theo nhóm sản phẩm,homedy,Kẹt tiền cần bán gấp căn nhà 101m2 SHR ở gần Cầu Vượt Củ Chi giá tốt 765 triệu,765000000,101,7574257.425742574,Huyện Củ Chi,Nhà phố,Nhà phố/nhà ở
Bán,Ngoại lệ giá/m² theo nhóm sản phẩm,alonhadat,Siêu VIP - Khuôn Đất Đẹp MT Ký Con Q1 20x20m 4 Lầu HĐ 270 Triệu/Th Chỉ 270 Tỷ,270000000000,400,675000000,Quận 1,Đất,Đất/đất nền
Bán,Ngoại lệ giá/m² theo nhóm sản phẩm,alonhadat,SIÊU VIP - MT HỒ HẢO HỚN Q1 20x22m 420m2 3 Lầu HĐ 240 Triệu/Th Chỉ 280 Tỷ,280000000000,420,666666666.6666666,Quận 1,Đất,Đất/đất nền
Bán,Ngoại lệ giá/m² theo nhóm sản phẩm,alonhadat,Siêu Vị Trí Ngay Chợ Bến Thành - MT Calmette Q1 8x20m 4 lầu HĐ 180 Tr/th Chỉ 115 Tỷ,115000000000,160,718750000,Quận 1,Đất,Đất/đất nền
Bán,Ngoại lệ giá/m² theo nhóm sản phẩm,alonhadat,Duy Nhất Ngay Bến Thành Khuôn Đất MT Khu Nguyễn Thái Bình Q.1 20x22m 3L Chi 290 Tỷ,290000000000,440,659090909.0909091,Quận 1,Đất,Đất/đất nền
Bán,Ngoại lệ giá/m² theo nhóm sản phẩm,homedy,Siêu Phẩm Bán gấp căn nhà cấp 4 ở gần chợ Việt Kiều - Củ Chi 86m2 SHR giá 790tr,790000000,86,9186046.511627909,Huyện Củ Chi,Nhà phố,Biệt thự/cao cấp
Bán,Ngoại lệ giá/m² theo nhóm sản phẩm,homedy,Cần bán gấp căn nhà cấp 4 mới keng ở 1/ Đ. Ba Sa-Phước Hiệp 125m2 SHR giá 780tr,780000000,125,6240000,Huyện Củ Chi,Nhà phố,Nhà phố/nhà ở
Bán,Ngoại lệ giá/m² theo nhóm sản phẩm,homedy,"Căn hộ Grand Marina Saigon, 3PN 2wc, Diện tích lớn 121m2, Căn góc, View trực diện sông, Shld",64000000000,121,528925619.8347107,Quận 1,Căn hộ,Căn hộ
Bán,Ngoại lệ giá/m² theo nhóm sản phẩm,mogi,"Bán toà nhà MT Tôn Đức Thắng, P Bến Nghé, Q1, DT 8 x 20m, HĐT 310 triệ",223000000000,160,1393750000,Quận 1,Nhà phố,Tòa nhà/văn phòng/mặt bằng
Bán,Ngoại lệ giá/m² theo nhóm sản phẩm,mogi,"175 tỷ giảm sâu về 155 tỷ, bán gấp nhà góc 3MT Nguyễn Trãi,P Bến Thành",155000000000,164,945121951.2195122,Quận 1,Nhà phố,Nhà phố/nhà ở
Bán,Ngoại lệ giá/m² theo nhóm sản phẩm,mogi,"Bán căn hộ 4PN Vincom Center - Đồng Khởi, góc view sông và nội khu Bán",89000000000,233,381974248.9270386,Quận 1,Căn hộ,Căn hộ
Bán,Ngoại lệ giá tuyệt đối theo nhóm sản phẩm,mogi,Đất view sông SG bờ sông rộng 50m - An Phú - Quận 2. DT: 3600. 400 tỷ,400000000000,3600,111111111.1111111,Thành phố Thủ Đức,Đất nền,Đất/đất nền
Bán,Ngoại lệ giá/m² theo nhóm sản phẩm,mogi,"Siêu vị trí MT Lê Lợi, P Bến Nghé, Quận 1, DT 7,5 x 26,5m, HĐT 600tr/t",430000000000,230,1869565217.3913045,Quận 1,Bất động sản khác,Khác
Bán,Ngoại lệ giá/m² theo nhóm sản phẩm,mogi,"Bán Nhà Góc 2 Mặt Tiền – Bùi Thị Xuân, Phường Bến Thành, Quận 1",360000000000,336,1071428571.4285716,Quận 1,Nhà phố,Nhà phố/nhà ở
Bán,Ngoại lệ giá/m² theo nhóm sản phẩm,mogi,"Bán nhà vị trí đẳng cấp MT Lý Tự Trọng, P Bến Thành, Quận 1, DT 4 x 20",65500000000,80,818750000,Quận 1,Nhà phố,Nhà phố/nhà ở
Bán,Ngoại lệ giá/m² theo nhóm sản phẩm,mogi,Hót! bán căn hộ cao cấp 4pn diện tích lớn Vincom-center Đồng Khởi,90000000000,233,386266094.4206008,Quận 1,Căn hộ,Căn hộ
Bán,Ngoại lệ giá/m² theo nhóm sản phẩm,mogi,Cần bán Nhanh căn hộ Vinhomes Đồng Khởi nhà đẹp vị trí cực đẹp,90000000000,235,382978723.40425533,Quận 1,Căn hộ,Căn hộ
Bán,Ngoại lệ giá/m² theo nhóm sản phẩm,mogi,𝐓𝐇𝐄 𝐕𝐈𝐒𝐓𝐀 𝐀𝐍 PHÚ Penthouse Residence For Lease Rare 3-level,3575000000,472,7574152.542372881,Thành phố Thủ Đức,Bất động sản khác,Căn hộ
Bán,Ngoại lệ giá/m² theo nhóm sản phẩm,mogi,Bán nhà phố Nguyễn Cư Trinh Phạm Ngũ Lão Quận 1 đường lớn ngang 8.3m,48000000000,58,827586206.8965517,Quận 1,Nhà phố,Nhà phố/nhà ở
Bán,Ngoại lệ giá/m² theo nhóm sản phẩm,mogi,BÁN CĂN HỘ SCENIC VALLEY Phú Mỹ Hưng Quận 7 110m2 3PN 2WC giá tốt để ở,9500000000,10,950000000,Quận 7,Căn hộ,Căn hộ
Bán,Ngoại lệ giá/m² theo nhóm sản phẩm,mogi,Chính Chủ cần bán căn hộ #topaz_city phường 4 quận 8 -Diện tích: 96m2,1460000000,96,15208333.333333334,Quận 8,Căn hộ,Căn hộ
Bán,Ngoại lệ giá/m² theo nhóm sản phẩm,mogi,"Bán chung cư Parcspring Quận 2 Vị trí đắc địa, tiện ích đầy đủ",1560000000,100,15600000,Thành phố Thủ Đức,Căn hộ,Căn hộ
Bán,Ngoại lệ giá/m² theo nhóm sản phẩm,mogi,"Chỉ 980tr căn hộ 63m2 2pn 2wc Đã Có Sổ Hồng Riêng , ban công riêng chu",980000000,63,15555555.555555556,Thành phố Thủ Đức,Căn hộ,Căn hộ
Bán,Ngoại lệ giá/m² theo nhóm sản phẩm,mogi,"Bán Vội căn hộ Vinhomes Center Đồng Khởi Q1, sân vườn và hồ bơi riêng",48000000000,139,345323741.0071942,Quận 1,Căn hộ,Căn hộ
Bán,Ngoại lệ giá/m² theo nhóm sản phẩm,mogi,"Chung cư 1050 chu văn An, Bình Thạch, diện tích 100m,3pn,2wc 1 ty 475",1475000000,100,14750000,Quận Bình Thạnh,Căn hộ,Căn hộ
Bán,Ngoại lệ giá/m² theo nhóm sản phẩm,mogi,"Gấp bán Nhanh căn hộ Vinhomes Đồng Khởi, Quận 1, có sân vườn riêng đẹp",48000000000,139,345323741.0071942,Quận 1,Căn hộ,Căn hộ
Bán,Ngoại lệ giá/m² theo nhóm sản phẩm,mogi,Sala Thủ Thiêm - Penthouse Duplex - Trải Nghiệm Sống Đẳng Cấp - Nội,2685000000,226,11880530.973451328,Thành phố Thủ Đức,Bất động sản khác,Căn hộ
Bán,Ngoại lệ giá/m² theo nhóm sản phẩm,mogi,"HÓT! Chính chủ bán gấp căn hộ cao cấp Riverpark Premier, Phú Mỹ Hưng",2000000000,130,15384615.384615384,Quận 7,Căn hộ,Căn hộ
Bán,Ngoại lệ giá/m² theo nhóm sản phẩm,mogi,Cần bán nhanh căn hộ cao cấp Vincom Đồng Khởi trung tâm Q1 xịn xò,90000000000,233,386266094.4206008,Quận 1,Căn hộ,Căn hộ
Bán,Ngoại lệ giá/m² theo nhóm sản phẩm,mogi,Bán căn góc 2 view siêu phẩm cực hiếm căn hộ Vincom- Center Q1,90000000000,233,386266094.4206008,Quận 1,Căn hộ,Căn hộ
Bán,Ngoại lệ giá/m² theo nhóm sản phẩm,mogi,Bán căn hộ chung cư #Noble Crystal Riverside ( Sunshine Diamond,1510000000,125,12080000,Quận 7,Căn hộ,Căn hộ
Bán,Ngoại lệ giá/m² theo nhóm sản phẩm,mogi,Căn hộ 3PN tại THE INFINITI Q7 – RIVIERA POINT | 135M² | FULL nội thất,1555000000,135,11518518.51851852,Quận 7,Căn hộ,Căn hộ
Bán,Ngoại lệ giá/m² theo nhóm sản phẩm,mogi,"Bán căn góc PHÚC YÊN 2 – 105M², 3PN, ban công ĐÔNG NAM SIÊU MÁT",1480000000,105,14095238.095238095,Quận Tân Bình,Bất động sản khác,Khác
Bán,Ngoại lệ giá/m² theo nhóm sản phẩm,mogi,"Bán khách sạn mặt tiền Lý Tự Trọng, Bến Thành, Quận 1, H+10 tầng",119900000000,110,1090000000,Quận 1,Bất động sản khác,Nhà phố/nhà ở
Bán,Ngoại lệ giá tuyệt đối theo nhóm sản phẩm,mogi,"Bán nhà mặt tiền Nguyễn Văn Trỗi, Phú Nhuận, 17x31m, CTXD H+10T",329000000000,490,671428571.4285715,Quận Phú Nhuận,Nhà phố,Nhà phố/nhà ở
Bán,Ngoại lệ giá/m² theo nhóm sản phẩm,mogi,Căn hộ Phúc Lộc Thọ – 2PN – 78m² – giá tốt 980 triệu,980000000,78,12564102.564102564,Thành phố Thủ Đức,Căn hộ,Căn hộ
Bán,Ngoại lệ giá/m² theo nhóm sản phẩm,mogi,"Nhà mặt tiền Thủ Khoa Huân – lõi trung tâm Bến Thành, Quận 1",110000000000,103,1067961165.0485436,Quận 1,Nhà phố,Nhà phố/nhà ở
Bán,Ngoại lệ giá/m² theo nhóm sản phẩm,mogi,Nhà mặt tiền Lê Thị Hồng Gấm – trung tâm Quận 1,65000000000,72,902777777.7777778,Quận 1,Nhà phố,Nhà phố/nhà ở
Bán,Ngoại lệ giá/m² theo nhóm sản phẩm,mogi,"bán nhà mặt tiền 19 bùi thị xuân, phường bến thành, quận 1",165000000000,193,854922279.7927461,Quận 1,Nhà phố,Nhà phố/nhà ở
Bán,Ngoại lệ giá/m² theo nhóm sản phẩm,mogi,"mặt tiền lê thị hồng gấm, p bến thành, – thang máy, thuê 60 TR/TH",32500000000,39,833333333.3333334,Quận 1,Bất động sản khác,Nhà phố/nhà ở
Bán,Ngoại lệ giá tuyệt đối theo nhóm sản phẩm,mogi,"bán quỹ đất mặt tiền xa lộ hà nội, thảo điền, tp. thủ đức – 890,5m²",400000000000,890,449438202.247191,Thành phố Thủ Đức,Đất nền,Đất/đất nền
Bán,Ngoại lệ giá/m² theo nhóm sản phẩm,mogi,"bán góc 2 mặt tiền phan xích long, p.2, phú nhuận – thuê 200 triệu/th",90000000000,91,989010989.0109892,Quận Phú Nhuận,Bất động sản khác,Nhà phố/nhà ở
Bán,Ngoại lệ giá tuyệt đối theo nhóm sản phẩm,homedy,"Nhà mới xây, hoàn thiện giá 395tr - DT 4X5, hỗ trợ góp, gần chợ, trung tâm",395000000,20,19750000,Huyện Hóc Môn,Nhà phố,Nhà phố/nhà ở
Bán,Ngoại lệ giá/m² theo nhóm sản phẩm,mogi,Bán Nhanh căn hộ Vinhomes Center Đồng Khởi Q1 sân vườn và hồ bơi riêng,48000000000,139,345323741.0071942,Quận 1,Căn hộ,Căn hộ
Bán,Ngoại lệ giá/m² theo nhóm sản phẩm,mogi,"Chính chủ cần bán căn hộ chung cư Lê Thành block B đường Số 4, P. An L",980000000,72,13611111.111111112,Quận Bình Tân,Căn hộ,Căn hộ
Bán,Ngoại lệ giá/m² theo nhóm sản phẩm,mogi,Binh Tân Gia 975tr (4x17) 2/ Tân Hoà Đông binh Tân giáp Quận 6 Dt 4,975000000,68,14338235.294117646,Quận 6,Bất động sản khác,Khác
Bán,Ngoại lệ giá/m² theo nhóm sản phẩm,mogi,Chính chủ cần bán CĂN HỘ CITYLAND 122M2 3PN FULL NT Chung cư Cityland,1605000000,122,13155737.704918033,Quận Gò Vấp,Căn hộ,Căn hộ
Bán,Ngoại lệ giá/m² theo nhóm sản phẩm,mogi,Bán Chung Cư Q7 Sát Bên Q4 3PN 2WC Chỉ 1 Tỷ 585TR Bán Chung,1585000000,115,13782608.695652174,Quận 7,Căn hộ,Căn hộ
Bán,Ngoại lệ giá/m² theo nhóm sản phẩm,mogi,"Bán căn hộ 3PN Saigon Pearl, 137m2, view sông, giá 2 tỷ 035. Gọi ngay",2035000000,137,14854014.598540146,Quận Bình Thạnh,Căn hộ,Căn hộ
Bán,Ngoại lệ giá tuyệt đối theo nhóm sản phẩm,mogi,Cần bán căn nhà cấp 4 4x10 gác lửng bao sơn sửa hết nhà,450000000,40,11250000,Huyện Hóc Môn,Nhà phố,Nhà phố/nhà ở
Bán,Ngoại lệ giá/m² theo nhóm sản phẩm,mogi,BÁN CHUNG CƯ PHÚC YÊN – TÂN BÌNH Căn hộ đẹp – vào ở ngay * 2,1075000000,70,15357142.857142856,Quận Tân Bình,Căn hộ,Căn hộ
Bán,Ngoại lệ giá/m² theo nhóm sản phẩm,mogi,Bán Shophouse Duplex chung cư La astoria quận 2 Diện tích : 270m2 Đc:,2375000000,270,8796296.296296297,Thành phố Thủ Đức,Căn hộ,Tòa nhà/văn phòng/mặt bằng
Bán,Ngoại lệ giá/m² theo nhóm sản phẩm,mogi,"Cần bán căn hộ TDH Trường Thọ, địa chỉ: 36A đường số 4 Phường Thủ Đức",1440000000,92,15652173.91304348,Thành phố Thủ Đức,Căn hộ,Căn hộ
Bán,Ngoại lệ giá tuyệt đối theo nhóm sản phẩm,mogi,SIÊU PHẨM 2 MẶT HẺM – HXH-Nguyễn Thượng Hiền 1TỶ625 40m2,1625000000,40,40625000,Quận Bình Thạnh,Bất động sản khác,Biệt thự/cao cấp
Bán,Ngoại lệ giá/m² theo nhóm sản phẩm,mogi,Cần bán chung cư Linh Tây Tower Phạm Văn Đồng- 2pn2wc 965Triệu,965000000,70,13785714.285714284,Thành phố Thủ Đức,Căn hộ,Căn hộ
Bán,Ngoại lệ giá/m² theo nhóm sản phẩm,mogi,Bán căn hộ HOÀNG KIM THẾ GIA – BÌNH TÂN (GIÁP TÂN PHÚ) 31 Trương,930000000,62,15000000,Quận Bình Tân,Căn hộ,Căn hộ
Bán,Ngoại lệ giá/m² theo nhóm sản phẩm,mogi,"EM BÁN CĂN CHUNG CƯ STOWN THỦ ĐỨC Đ/c: 2A Đường Bình Chiểu, P",925000000,64,14453125,Thành phố Thủ Đức,Căn hộ,Căn hộ
Bán,Ngoại lệ giá/m² theo nhóm sản phẩm,mogi,Bán căn hộ 3pn-102M2 1Tỷ530- Góc nhà decor - View sông - Cc Belleza,1530000000,102,15000000,Quận 7,Căn hộ,Căn hộ
Bán,Ngoại lệ giá/m² theo nhóm sản phẩm,mogi,"[BÁN] căn góc 3PN – chung cư AN THỊNH, QUẬN 2 | RỘNG – THOÁNG – GIÁ",1290000000,139,9280575.539568346,Thành phố Thủ Đức,Căn hộ,Căn hộ
Bán,Ngoại lệ giá/m² theo nhóm sản phẩm,mogi,Cần bán chung cư The Navita Tam Bình Thủ Đức Chung cư Lan Phương Có Sổ,1365000000,87,15689655.172413792,Thành phố Thủ Đức,Căn hộ,Căn hộ
Bán,Ngoại lệ giá/m² theo nhóm sản phẩm,mogi,"Bán căn hộ cao cấp, khu compound Lucky Dragon - Đỗ Xuân Hợp - Quận 9",1145000000,75,15266666.666666666,Thành phố Thủ Đức,Căn hộ,Căn hộ
Bán,Ngoại lệ giá/m² theo nhóm sản phẩm,mogi,Bán căn hộ 3PN – chung cư FORTUNA KIM HỒNG – TÂN PHÚ – FULL NỘI THẤT,1560000000,100,15600000,Quận Tân Phú,Căn hộ,Căn hộ
Bán,Ngoại lệ giá tuyệt đối theo nhóm sản phẩm,mogi,"1 cặp nhà mới xây 5X5, khu vực Hóc Môn, hỗ trợ góp đường ô tô 5m",395000000,25,15800000,Huyện Hóc Môn,Nhà phố,Nhà phố/nhà ở
Bán,Ngoại lệ giá tuyệt đối theo nhóm sản phẩm,mogi,"Nhà mới xây, hoàn thiện giá 395tr - 4X5 hỗ trợ góp, gần chợ, trung tâm",395000000,20,19750000,Huyện Hóc Môn,Nhà phố,Nhà phố/nhà ở
Bán,Ngoại lệ giá tuyệt đối theo nhóm sản phẩm,chotot,Căn hộ lô C cc Lê Thành Tân Tạo dt 36.5m2 nhà sơn mới giá 800 triệu,800000000,37,21621621.62162162,Quận Bình Tân,Căn hộ/Chung cư,Căn hộ
Bán,Ngoại lệ giá tuyệt đối theo nhóm sản phẩm,chotot,Giá 590 Triệu - Ngay Metro Tân Thới Hiệp - Sát Vách Gò Vấp,590000000,17.5,33714285.71428572,Quận 12,Nhà ở,Nhà phố/nhà ở
Bán,Ngoại lệ giá/m² theo nhóm sản phẩm,mogi,48 tỷ! Bán 46 căn hộ dịch vụ góc 3MT đường Cống Quỳnh Quận 1 - 16x9,48000000000,148,324324324.3243243,Quận 1,Căn hộ,Căn hộ
Bán,Ngoại lệ giá/m² theo nhóm sản phẩm,mogi,"Bán gấp nhà 2MT Cách Mạng Tháng Tám, Quận 1, DT 8 x 15m, HĐT 200tr/th",110000000000,103,1067961165.0485436,Quận 1,Nhà phố,Nhà phố/nhà ở
Bán,Ngoại lệ giá tuyệt đối theo nhóm sản phẩm,mogi,"Tòa nhà Hầm 9 tầng – 5xx tỷ xứng tầm! Bán MT Đ. Nguyễn Gia Thiều, Q.3",500000000000,1026,487329434.6978558,Quận 3,Nhà phố,Tòa nhà/văn phòng/mặt bằng
Bán,Ngoại lệ giá/m² theo nhóm sản phẩm,mogi,"130 tỷ! Bán MT Đ. Nguyễn Thái Bình, Q.TB – 5.5x16m – GPXD: 6 tầng",130000000000,85,1529411764.7058823,Quận Tân Bình,Bất động sản khác,Khác
Bán,Ngoại lệ giá/m² theo nhóm sản phẩm,mogi,33 tỷ - HĐT: 125 triệu! Bán góc 3 mặt tiền ngang LỚN 14m - 5 Tầng TM,33000000000,41,804878048.7804878,Quận 1,Bất động sản khác,Nhà phố/nhà ở
Bán,Ngoại lệ giá/m² theo nhóm sản phẩm,mogi,"160 tỷ! Bán MT Đ. Lê Thị Hồng Gấm, Q. 1 – 7.7x17.4m – hầm 5 tầng",160000000000,120,1333333333.3333333,Quận 1,Bất động sản khác,Khác
Bán,Ngoại lệ giá tuyệt đối theo nhóm sản phẩm,mogi,"Bán nhà vị trí góc 2MT Trần Quốc Thảo, phường VTS Quận 3, DT 14 x 28m",330000000000,412,800970873.7864077,Quận 3,Nhà phố,Nhà phố/nhà ở
Bán,Ngoại lệ giá/m² theo nhóm sản phẩm,mogi,"Bán tòa building MT Nguyễn Văn Trỗi, P10, Q Phú Nhuận, DT 12 x 23m, HĐ",280000000000,160,1750000000,Quận Phú Nhuận,Bất động sản khác,Tòa nhà/văn phòng/mặt bằng
Bán,Ngoại lệ giá tuyệt đối theo nhóm sản phẩm,mogi,"Bán nhà MT Trần Quốc Thảo & Lý Chính Thắng, Quận 3, DT 14 x 28m, HĐT 4",320000000000,412,776699029.1262136,Quận 3,Nhà phố,Nhà phố/nhà ở
Bán,Ngoại lệ giá tuyệt đối theo nhóm sản phẩm,mogi,Khuôn đất lớn 645m2 –mặt tiền 2 chiều Hồ hảo hớn – Trần Hưng Đạo Quận1,300000000000,645,465116279.0697674,Quận 1,Đất nền,Đất/đất nền
Bán,Ngoại lệ giá/m² theo nhóm sản phẩm,mogi,"Bán gấp nhà MT Cách Mạng Tháng Tám, Quận 1, DT 8 x 15m, KC 5 tầng, thu",109000000000,103,1058252427.184466,Quận 1,Nhà phố,Nhà phố/nhà ở
Bán,Ngoại lệ giá/m² theo nhóm sản phẩm,mogi,"Bán nhà MT Lê Thánh Tôn, P. Bến Nghé, Q1, DT 4x20m, 3 lầu, HĐT 160tr",75000000000,90,833333333.3333334,Quận 1,Nhà phố,Nhà phố/nhà ở
Bán,Ngoại lệ giá/m² theo nhóm sản phẩm,mogi,"TS Duy Nhất Đ/D Chợ Bến Thành Quận 1, Mặt tiền Calmette 16x20m 3L HĐ 5",370000000000,320,1156250000,Quận 1,Bất động sản khác,Nhà phố/nhà ở
Bán,Ngoại lệ giá/m² theo nhóm sản phẩm,mogi,"112 TỶ! Bán nhà MT Cách Mạng Tháng 8, Q.1 – 8x15m – 4 tầng",112000000000,120,933333333.3333334,Quận 1,Nhà phố,Nhà phố/nhà ở
Bán,Ngoại lệ giá tuyệt đối theo nhóm sản phẩm,mogi,"Giảm 50 tỷ bán gấp nhà góc 2MT Trần Quốc Thảo, Quận 3, DT 14 x 30m, HĐ",300000000000,412,728155339.8058252,Quận 3,Nhà phố,Nhà phố/nhà ở
Bán,Ngoại lệ giá/m² theo nhóm sản phẩm,mogi,350 tỷ! Bán khách sạn 60 phòng phường Bến Thành - 12x26m - Hầm 10 Tầng,350000000000,235,1489361702.1276596,Quận 1,Phòng/Cho thuê,Phòng trọ
Bán,Ngoại lệ giá tuyệt đối theo nhóm sản phẩm,mogi,Giảm 50 tỷ bán nhanh nhà mặt tiền Nguyễn Thị Diệu ngang 21x33m2 ( 677m,355000000000,670,529850746.26865673,Quận 3,Nhà phố,Nhà phố/nhà ở
Bán,Ngoại lệ giá tuyệt đối theo nhóm sản phẩm,mogi,Quỹ đất 2 Mặt tiền đường Trần Đình Xu Quận 1 - 25x48m - 2 Hầm 15 Tầng,400000000000,1600,250000000,Quận 1,Đất nền,Đất/đất nền
Bán,Ngoại lệ giá tuyệt đối theo nhóm sản phẩm,mogi,"840m2 Quận 3! Bán măt tiền Điện Biên Phủ, phường Võ Thị Sáu - 24x35m",350000000000,840,416666666.6666667,Quận 3,Bất động sản khác,Nhà phố/nhà ở
Bán,Ngoại lệ giá/m² theo nhóm sản phẩm,mogi,Bán Building Góc 2 Mặt Tiền – Nguyễn Thị Minh Khai - QUẬN 1,325000000000,189,1719576719.5767195,Quận 1,Bất động sản khác,Tòa nhà/văn phòng/mặt bằng
Bán,Ngoại lệ giá/m² theo nhóm sản phẩm,mogi,"Bán nhà MT Lê Lai đối diện CV 23/9, P Bến Thành Quận 1, DT 5,6m x 16m",60000000000,67,895522388.0597014,Quận 1,Nhà phố,Nhà phố/nhà ở
Bán,Ngoại lệ giá/m² theo nhóm sản phẩm,mogi,"195 tỷ! Bán nhà MT Đ. 3/2, Q.10 – 10x20m – hầm 8 tầng",195000000000,200,975000000,Quận 10,Nhà phố,Nhà phố/nhà ở
Bán,Ngoại lệ giá tuyệt đối theo nhóm sản phẩm,mogi,"Bán gấp nhà chính chủ ngang 4 dài 10, 495 triệu Nguyễn Văn Bứa Hóc Môn",495000000,40,12375000,Huyện Hóc Môn,Nhà phố,Nhà phố/nhà ở
Bán,Ngoại lệ giá tuyệt đối theo nhóm sản phẩm,mogi,250 tỷ! Bán mặt tiền đường Trần Đình Xu - 15*30m - XD 2 hầm 15 Tầng,250000000000,450,555555555.5555556,Quận 1,Bất động sản khác,Nhà phố/nhà ở
Bán,Ngoại lệ giá/m² theo nhóm sản phẩm,mogi,"Bán nhà phố MT Lê Thánh Tôn, TRUNG TÂM Quận 1 – 74m2 – 4 tầng chỉ 85 t",85000000000,76,1118421052.631579,Quận 1,Nhà phố,Nhà phố/nhà ở
Bán,Ngoại lệ giá/m² theo nhóm sản phẩm,mogi,"Bán nhà phố MT Lê Thánh Tôn, TRUNG TÂM Quận 1 – 74m2 –4 tầng chỉ 85 tỷ",85000000000,74,1148648648.6486487,Quận 1,Nhà phố,Nhà phố/nhà ở
Bán,Ngoại lệ giá tuyệt đối theo nhóm sản phẩm,mogi,310 tỷ - 17x28m! Bán mặt tiền đường Võ Thị Sáu Quận 3 – Hầm 3 Tầng,310000000000,476,651260504.2016807,Quận 3,Bất động sản khác,Nhà phố/nhà ở
Bán,Ngoại lệ giá/m² theo nhóm sản phẩm,mogi,"Hiếm 80 tỷ! Bán MT Đ. Đông Du, Q. 1 – 50m2 – 3 tầng",80000000000,49,1632653061.2244897,Quận 1,Bất động sản khác,Khác
Bán,Ngoại lệ giá tuyệt đối theo nhóm sản phẩm,mogi,GIÁ TỐT! Bán MT vị trí vàng Quận 1 Đ. Lê Lai – 12.5x31.5m – 2 tầng,450000000000,450,1000000000,Quận 1,Bất động sản khác,Khác
Bán,Ngoại lệ giá/m² theo nhóm sản phẩm,mogi,"Bán nhà phố MT Tôn Đức Thắng, Q.1 – 11x23.2m – 5 tầng – HDT 390tr/th",290000000000,253,1146245059.2885375,Quận 1,Nhà phố,Nhà phố/nhà ở
Bán,Ngoại lệ giá/m² theo nhóm sản phẩm,mogi,"58 tỷ! Bán nhà phố Đ. Sương Nguyệt Ánh, Q. 1 – 4x15m - 5 Tầng",58000000000,60,966666666.6666666,Quận 1,Nhà phố,Nhà phố/nhà ở
Bán,Ngoại lệ giá/m² theo nhóm sản phẩm,mogi,"SIÊU PHẨM! Bán 840m2 đất Đ. Điện Biên Phủ, ngay DH Hồng Bàng chỉ 130tr",110000000000,100,1100000000,Quận Bình Thạnh,Đất nền,Đất/đất nền
Bán,Ngoại lệ giá/m² theo nhóm sản phẩm,mogi,"Bán tòa Building MT trung tâm P. Bến Nghé, Q.1 – 8x16m – chỉ 250 tỷ",250000000000,128,1953125000,Quận 1,Bất động sản khác,Tòa nhà/văn phòng/mặt bằng
Bán,Ngoại lệ giá/m² theo nhóm sản phẩm,mogi,"Bán nhà mt Tôn Thất Tùng gần Bùi Thị Xuân, Sương Nguyệt Ánh, Q1, 8tầng",76000000000,90,844444444.4444444,Quận 1,Nhà phố,Nhà phố/nhà ở
Bán,Ngoại lệ giá tuyệt đối theo nhóm sản phẩm,mogi,"Bán nhà 2 Mặt Tiền Võ Văn Tần, Phường Võ Thị Sáu, Q3, 16x40m, giá 369",369900000000,643,575272161.7418351,Quận 3,Nhà phố,Nhà phố/nhà ở
Bán,Ngoại lệ giá tuyệt đối theo nhóm sản phẩm,mogi,"Bán nhà mặt tiền Nguyễn Văn Trỗi, Phú Nhuận, 16.5x30m, CTXD H+10T",350000000000,465,752688172.0430107,Quận Phú Nhuận,Nhà phố,Nhà phố/nhà ở
Bán,Ngoại lệ giá/m² theo nhóm sản phẩm,mogi,"Bán nhà Mt Lý Tự Trọng ngay Thủ Khoa Huân, Bến Thành, Quận 1, 4.3x25m",85000000000,106,801886792.4528302,Quận 1,Nhà phố,Nhà phố/nhà ở
Bán,Ngoại lệ giá/m² theo nhóm sản phẩm,mogi,"Bán Tòa nhà góc 3MT Thái Văn Lung, Lê Thánh Tôn, Bến Nghé, H+8 tầng",130000000000,80,1625000000,Quận 1,Nhà phố,Tòa nhà/văn phòng/mặt bằng
Bán,Ngoại lệ giá/m² theo nhóm sản phẩm,mogi,Hàng nóng giá tốt CH TERRA MIA – BÌNH CHÁNH (ĐÃ CÓ SỔ) Giá 945 triệu,945000000,72,13125000,Huyện Bình Chánh,Bất động sản khác,Khác
Bán,Ngoại lệ giá/m² theo nhóm sản phẩm,mogi,"Bán căn hộ Saigon south, liền kề quần 7. - Căn hộ 3PN 2WC đầy đủ NT",1610000000,104,15480769.23076923,Quận 7,Căn hộ,Căn hộ
Bán,Ngoại lệ giá/m² theo nhóm sản phẩm,mogi,"Bán căn hộ Ruby garden quận Tân Bình, gần cầu Tham Lương và KCN TB",1430000000,93,15376344.086021503,Quận Tân Bình,Căn hộ,Căn hộ
Bán,Ngoại lệ giá/m² theo nhóm sản phẩm,mogi,Bán căn hộ SKY CENTER TÂN BÌNH 3PN full nội thất GIÁ BÁN:1 TỶ 540,1540000000,129,11937984.496124033,Quận Tân Bình,Căn hộ,Căn hộ
Bán,Ngoại lệ giá/m² theo nhóm sản phẩm,mogi,{ BÁN CC PHÚC YÊN 1 Q.TÂN BÌNH Bán Căn hộ 100m². Căn Góc vị trí đẹp,1495000000,100,14950000,Quận Tân Bình,Căn hộ,Căn hộ
Bán,Ngoại lệ giá tuyệt đối theo nhóm sản phẩm,mogi,Bán Gấp Căn 59m2 - Giá 890 triệu (102%) + Tầng đẹp + sổ hồng sẵn =>,890000000,59,15084745.762711864,Huyện Bình Chánh,Bất động sản khác,Khác
Bán,Ngoại lệ giá/m² theo nhóm sản phẩm,mogi,"Bán căn cc An Phú đường Hậu Giang, quận 6 cũ, sổ hồng sở hữu lâu dài",1465000000,112,13080357.142857144,Quận 6,Bất động sản khác,Khác
Bán,Ngoại lệ giá/m² theo nhóm sản phẩm,mogi,"Bán nhà mặt tiền Võ Thị Sáu, Quận 1, 10x24m, 3 lầu, 129 tỷ",129000000000,132,977272727.2727273,Quận 1,Nhà phố,Nhà phố/nhà ở
Bán,Ngoại lệ giá/m² theo nhóm sản phẩm,mogi,"Bán nhà mặt tiền Nguyễn Trãi, ngã 6 Phù Đổng, Bến Thành, Q1, 7.5x19m",129000000000,143,902097902.09790206,Quận 1,Nhà phố,Nhà phố/nhà ở
Bán,Ngoại lệ giá/m² theo nhóm sản phẩm,mogi,"Bán khách sạn mặt tiền ngay chợ Bến Thành, Quận 1, Hầm, 7 tầng, TM",52000000000,64,812500000,Quận 1,Bất động sản khác,Nhà phố/nhà ở
Bán,Ngoại lệ giá/m² theo nhóm sản phẩm,mogi,Gả nhanh dãy trọ 2 MT KDC NAM HÙNG VƯƠNG sẵn dòng tiền cho thuê 8x19m,1256000000,152,8263157.894736842,Quận Bình Tân,Bất động sản khác,Khác
Bán,Ngoại lệ giá/m² theo nhóm sản phẩm,mogi,Siêu phẩm TOPAZ ELITE Q8 79M2 nhà mới 99% block liền kề TTTM AEON SHR,1666000000,79,21088607.59493671,Quận 8,Nhà phố,Biệt thự/cao cấp
Bán,Ngoại lệ giá/m² theo nhóm sản phẩm,mogi,"Bán chung cư lê thị riêng p15 quận 10 khu cư xá bắc hải , lầu cao SHR",999000000,66,15136363.636363637,Quận 10,Căn hộ,Căn hộ
Bán,Ngoại lệ giá tuyệt đối theo nhóm sản phẩm,mogi,"Bán đất vườn Đa Phước, 400 triệu",400000000,98,4081632.6530612246,Huyện Bình Chánh,Đất nền,Đất/đất nền
Bán,Ngoại lệ giá/m² theo nhóm sản phẩm,mogi,"Bán nhà hẻm VIP đường Bàu Bàng, P.13, Tân Bình. DT:5,5x27m. Giá:21,9tỷ",21900000000,14,1564285714.2857144,Quận Tân Bình,Nhà phố,Nhà phố/nhà ở
Bán,Ngoại lệ giá/m² theo nhóm sản phẩm,mogi,"Bán nhà GÓC 2MT 822 Sư Vạn Hạnh, khu bệnh viện, trường ĐH đông đúc",50000000000,50,1000000000,Quận 10,Nhà phố,Nhà phố/nhà ở
Bán,Ngoại lệ giá/m² theo nhóm sản phẩm,mogi,"Bán siêu phẩm MT Lê Lai P, Bến Thành Quận 1 dt:8x21m 5 tầng giá 175 tỷ",175000000000,167,1047904191.6167665,Quận 1,Bất động sản khác,Biệt thự/cao cấp
Bán,Ngoại lệ giá/m² theo nhóm sản phẩm,mogi,Bán nhà GÓC 3MT A36A Cống Quỳnh - MT Vòng xoay đối diện chợ Thái Bình,290000000000,161,1801242236.0248446,Quận 1,Nhà phố,Nhà phố/nhà ở
Bán,Ngoại lệ giá/m² theo nhóm sản phẩm,mogi,"Bán khách sạn MT Nguyễn Trãi P, Bến thành Quận 1, dt:12x20m giá 450 tỷ",450000000000,235,1914893617.0212767,Quận 1,Bất động sản khác,Khác
Bán,Ngoại lệ giá/m² theo nhóm sản phẩm,mogi,"Bán siêu phẩm biệt thự GÓC 2MT Bùi Thị Xuân - DTCN 305m2, nở hậu",380000000000,305,1245901639.3442624,Quận 1,Nhà phố,Biệt thự/cao cấp
Bán,Ngoại lệ giá tuyệt đối theo nhóm sản phẩm,mogi,"Bán nhà MT Lý Chính Thắng P9 Quận 3, dt:34x18m giá 250 tỷ",250000000000,446,560538116.5919282,Quận 3,Nhà phố,Nhà phố/nhà ở
Bán,Ngoại lệ giá/m² theo nhóm sản phẩm,mogi,"Bán nhà MT Điện Biên Phủ P6 Quận 3, dt: 9.5x18.5m, 9 tầng giá 169 tỷ",169000000000,167,1011976047.9041916,Quận 3,Nhà phố,Nhà phố/nhà ở
Bán,Ngoại lệ giá/m² theo nhóm sản phẩm,mogi,"Bán Lô Đất MT Nguyễn Đình Chiểu p, ĐaKao Quận 1,dt:17x26m giá 255 tỷ",255000000000,390,653846153.8461539,Quận 1,Đất nền,Đất/đất nền
Bán,Ngoại lệ giá/m² theo nhóm sản phẩm,mogi,"Bán siêu phẩm MT Đồng Khởi Quận 1, dt: 8.3x22.4m giá 340 tỷ",340000000000,187,1818181818.1818185,Quận 1,Bất động sản khác,Biệt thự/cao cấp
Bán,Ngoại lệ giá/m² theo nhóm sản phẩm,mogi,"Chính chủ bán cao Ốc A Chung cư Phúc Thịnh Đường Cao Đạt quận 5 , có h",2025000000,68,29779411.76470588,Quận 5,Căn hộ,Tòa nhà/văn phòng/mặt bằng
Bán,Ngoại lệ giá/m² theo nhóm sản phẩm,mogi,"Xuất cảnh bán gấp căn hộ Vinhomes Đồng Khởi, Quận 1, có sân vườn riêng",43000000000,135,318518518.5185185,Quận 1,Căn hộ,Căn hộ
Bán,Ngoại lệ giá tuyệt đối theo nhóm sản phẩm,mogi,"Bán nhà 6 Lê Trọng Tấn, Tân Phú - DTCN ~ 2000m2",350000000000,1999,175087543.77188593,Quận Tân Phú,Nhà phố,Nhà phố/nhà ở
Bán,Ngoại lệ giá tuyệt đối theo nhóm sản phẩm,mogi,"Bán nhà MT 159 Võ Văn Tần P6 Quận 3, dt: 20x25m giá 280 tỷ",280000000000,500,560000000,Quận 3,Nhà phố,Nhà phố/nhà ở
Bán,Ngoại lệ giá tuyệt đối theo nhóm sản phẩm,mogi,"Bán nhà góc 3MT Võ Thị Sáu Quận 3, dt: 32x20m giá 380 tỷ TL",380000000000,650,584615384.6153846,Quận 3,Nhà phố,Nhà phố/nhà ở
Bán,Ngoại lệ giá/m² theo nhóm sản phẩm,mogi,"Bán nhà MT Nguyễn Đình Chiểu P, 6 Quận 3, dt:20x18m giá 275 tỷ",275000000000,330,833333333.3333334,Quận 3,Nhà phố,Nhà phố/nhà ở
Bán,Ngoại lệ giá tuyệt đối theo nhóm sản phẩm,muaban,"BÁN MẶT TIỀN NGUYỄN DUY TRINH – P. BÌNH TRƯNG ĐÔNG, QUẬN 2",180000000000,896,200892857.14285713,Thành phố Thủ Đức,Căn hộ/Chung cư,Căn hộ
Bán,Ngoại lệ giá/m² theo nhóm sản phẩm,muaban,Chủ sang nước ngoài - Bán gấp nhà 56m2 giá 2 TỶ 290 - đường Lê Văn Thọ,56000000000,56,1000000000,Quận Gò Vấp,Nhà ở,Nhà phố/nhà ở
Bán,Ngoại lệ giá/m² theo nhóm sản phẩm,muaban,Bán nhà hẻm 6m 437/3 Hoàng Văn Thụ 45m2 3 tầng giá 4 tỷ,6000000000,6,1000000000,Quận Tân Bình,Nhà ở,Nhà phố/nhà ở
Bán,Ngoại lệ giá/m² theo nhóm sản phẩm,muaban,"Duy nhất có 102 , Nhà Dương Quảng Hàm 59m2 chỉ 2 Tỷ 890tr- Sổ hồng riê",102000000000,59,1728813559.322034,Quận Gò Vấp,Nhà ở,Nhà phố/nhà ở
Bán,Ngoại lệ giá/m² theo nhóm sản phẩm,muaban,Bán NHà MTKD Độc lập 78m2 Ngân hàng Hỗ Trợ 10 tỷ,78000000000,78,1000000000,Quận Tân Phú,Nhà ở,Nhà phố/nhà ở
Bán,Ngoại lệ giá/m² theo nhóm sản phẩm,muaban,Chủ về quê cần bán gấp nhà 52m2 đường Lê Đức Thọ giá 2 TỶ 290 hẻm oto,52000000000,52,1000000000,Quận Gò Vấp,Nhà ở,Nhà phố/nhà ở
Bán,Ngoại lệ giá/m² theo nhóm sản phẩm,muaban,"Bán đất tặng nhà 91.5m2 4,5tỷ bề ngang khủng 6,5m, hẻm ô tô thông",91500000000,91.5,1000000000,Quận 12,Đất,Đất/đất nền
Bán,Ngoại lệ giá/m² theo nhóm sản phẩm,muaban,"Bán nhà mặt tiền 68m2, 15,5 tỷ 4 lầu ngay khu Bàu Cát Quận Tân Bình",68000000000,68,1000000000,Quận Tân Bình,Nhà ở,Nhà phố/nhà ở
Bán,Ngoại lệ giá/m² theo nhóm sản phẩm,muaban,Chính chủ bán gấp nhà Gò Vấp 52m2 giá 2tỷ360triệu đường Lê Đức Thọ,52000000000,52,1000000000,Quận Gò Vấp,Nhà ở,Nhà phố/nhà ở
Bán,Ngoại lệ giá/m² theo nhóm sản phẩm,muaban,"Tầng Cao CH Góc 53m2/2 tỷ 12 ,sổ bao Vat , Ngắm nhìn TPHCM ,Mua ở ngay",53000000000,53,1000000000,Quận Tân Bình,Nhà ở,Nhà phố/nhà ở
Bán,Ngoại lệ giá/m² theo nhóm sản phẩm,muaban,"Bán gấp nhà DT 52,1m2 giá 2tỷ550 đường Lê Đức Thọ P16 Gò Vấp",52100000000,52.1,1000000000,Quận Gò Vấp,Nhà ở,Nhà phố/nhà ở
Bán,Ngoại lệ giá/m² theo nhóm sản phẩm,muaban,Bán nhà mặt phố 490 Ngô Gia Tự Phường Vườn Lài TP HCM,72000000000,79.5,905660377.3584906,Quận 10,Nhà ở,Nhà phố/nhà ở
Bán,Ngoại lệ giá/m² theo nhóm sản phẩm,muaban,Bán nhà 68m²-ngang 6.2m giá 7.5 tỷ full nội thất tại Khánh Hội Quận 4,68000000000,68,1000000000,Quận 4,Nhà ở,Nhà phố/nhà ở
Bán,Ngoại lệ giá/m² theo nhóm sản phẩm,muaban,Vi trí vàng 53m/2PN/ 2 tỷ 160 /vay 70% full nội thất / SHR,53000000000,53,1000000000,Quận Bình Thạnh,Nhà ở,Nhà phố/nhà ở
Bán,Ngoại lệ giá tuyệt đối theo nhóm sản phẩm,muaban,"350 tỷ, 3550m2,Bán đất 3 MT số 544 Nguyễn Duy Trinh-Bình Trưng Đông,Q2",350000000000,3550,98591549.29577464,Thành phố Thủ Đức,Đất,Đất/đất nền
Bán,Ngoại lệ giá/m² theo nhóm sản phẩm,muaban,Bán đất trống khu phân lô đồng bộ hẻm 8m,6000000000,5,1200000000,Quận Bình Thạnh,Đất,Đất/đất nền
Bán,Ngoại lệ giá/m² theo nhóm sản phẩm,homedy,"Bán tòa căn hộ dịch vụ Thảo Điền, khu LBC, 243.7m2 đất, 1 hầm + 6 tầng",118000000000,243.7,484201887.5666804,Thành phố Thủ Đức,Căn hộ,Căn hộ
Bán,Ngoại lệ giá/m² theo nhóm sản phẩm,homedy,SỐC Chủ Ngộp | Chỉ 580 triệu sở hữu ngay 350m2 ( có thổ cư ) tại tân an hội củ chi,580000000,350,1657142.857142857,Huyện Củ Chi,Bất động sản khác,Khác
Bán,Ngoại lệ giá tuyệt đối theo nhóm sản phẩm,homedy,"Vỡ nợ bán nhà 1t1l đường Nguyễn Thị Búp, quận 12-dt 35m2 có sổ hồng riêng, hẻm xe hơi",455000000,35,13000000,Quận 12,Nhà phố,Nhà phố/nhà ở
Bán,Ngoại lệ giá/m² theo nhóm sản phẩm,mogi,Biệt thự VIP Vinhomes Golden River Quận 1 - 225m² - Hầm 4 lầu - 330 tỷ,330000000000,225,1466666666.6666667,Quận 1,Nhà phố,Biệt thự/cao cấp
Bán,Ngoại lệ giá/m² theo nhóm sản phẩm,mogi,"Biệt Thự Compound Saigon Pearl Hạng Sang Nội Thất Dát Vàng 24k, 260 tỷ",250000000000,250,1000000000,Quận Bình Thạnh,Nhà phố,Đất/đất nền
Bán,Ngoại lệ giá/m² theo nhóm sản phẩm,alonhadat,"SIÊU PHẨM KHÁCH SẠN – CĂN HỘ DỊCH VỤ NGAY LÕI BẾN THÀNH, QUẬN 1 HẦM + 8 TẦNG – DÒ",110000000000,130,846153846.1538461,Quận 1,Căn hộ chung cư,Căn hộ
Bán,Ngoại lệ giá/m² theo nhóm sản phẩm,mogi,Bán nha MT Nguyễn Đình Chiểu Q.3 - 7 Tầng - 1844m2 - giá 300 tỷ,300000000000,260,1153846153.8461535,Quận 3,Bất động sản khác,Nhà phố/nhà ở
Bán,Ngoại lệ giá/m² theo nhóm sản phẩm,mogi,Bán căn hộ Vincom Đồng Khởi Q.1 - 235m2 4pn 3wc,90000000000,235,382978723.40425533,Quận 1,Căn hộ,Căn hộ
Bán,Ngoại lệ giá/m² theo nhóm sản phẩm,mogi,Chính chủ bán biệt thự dát vàng Nguyễn Đình Chiểu Q.1 - 330 TỶ,330000000000,313,1054313099.0415336,Quận 1,Nhà phố,Đất/đất nền
Bán,Ngoại lệ giá/m² theo nhóm sản phẩm,mogi,"Chính chủ bán ks đường Bùi Thị Xuân Q.1- 5,5m x 18,2m giá 138 tỷ",138000000000,89,1550561797.752809,Quận 1,Bất động sản khác,Khác
Bán,Ngoại lệ giá/m² theo nhóm sản phẩm,mogi,"Bán nhà lõi trung tâm Q3 MT Pasteur, phường 6, Quận 3, DT 22 x 27m, KC",400000000000,434,921658986.1751152,Quận 3,Nhà phố,Nhà phố/nhà ở
Bán,Ngoại lệ giá/m² theo nhóm sản phẩm,mogi,"Bán nhà kế phố đi bộ MT Huỳnh Thúc Kháng, Quận 1, DT 4,1 x 17m, HĐT 80",85000000000,58,1465517241.3793104,Quận 1,Nhà phố,Nhà phố/nhà ở
Bán,Ngoại lệ giá/m² theo nhóm sản phẩm,mogi,"250 tỷ giảm về 199 tỷ, bán khuôn đất 2MT Trần Đình Xu, P Nguyễn Cư Tri",199000000000,308,646103896.1038961,Quận 1,Đất nền,Đất/đất nền
Bán,Ngoại lệ giá/m² theo nhóm sản phẩm,mogi,Bán Biệt Thự Dát Vàng – Kiến Trúc Đẳng Cấp – Quận 1,320000000000,318,1006289308.1761006,Quận 1,Nhà phố,Đất/đất nền
Bán,Ngoại lệ giá/m² theo nhóm sản phẩm,mogi,"Bán nhà siêu vị trí MT Lý Tự Trọng, P Bến Thành Quận 1, DT 4 x 20m, cá",65000000000,80,812500000,Quận 1,Nhà phố,Nhà phố/nhà ở
Bán,Ngoại lệ giá/m² theo nhóm sản phẩm,mogi,"Siêu vị trí ngay chợ Bến Thành, bán nhà MT Calmette,P Nguyễn Thái Bình",128000000000,132,969696969.6969696,Quận 1,Nhà phố,Nhà phố/nhà ở
Bán,Ngoại lệ giá tuyệt đối theo nhóm sản phẩm,mogi,"Bán nhà mặt tiền 63 Ngô Thời Nhiệm, Quận 3 – 453m2 ngang 18m, xây cao",295000000000,455,648351648.3516483,Quận 3,Nhà phố,Nhà phố/nhà ở
Bán,Ngoại lệ giá/m² theo nhóm sản phẩm,alonhadat,VILLA VEN SÔNG SÀI GÒN SÁT BA SON & PHỐ ĐI BỘ NGUYỄN HUỆ COMPOUND HIẾM GIỮA NỘI ĐÔ,88000000000,147,598639455.7823129,Quận 1,Căn hộ chung cư,Căn hộ
Bán,Ngoại lệ giá/m² theo nhóm sản phẩm,alonhadat,"NHÀ MẶT TIỀN ĐỐI DIỆN CÔNG VIÊN 23/9 – LÕI BẾN THÀNH, NGANG 8M HIẾM GẶP",175000000000,160,1093750000,Quận 1,Nhà ở,Nhà phố/nhà ở
Bán,Ngoại lệ giá/m² theo nhóm sản phẩm,alonhadat,KHÁCH SẠN 38 PHÒNG GIỮA TÂM ĐIỂM BÙI VIỆN – ĐƠN GIÁ CHƯA TỚI 900 TRIỆU/M²,137000000000,155,883870967.7419355,Quận 1,Đất,Đất/đất nền
Bán,Ngoại lệ giá/m² theo nhóm sản phẩm,alonhadat,"NHÀ MẶT TIỀN GIỮA KHU BÀ HUYỆN THANH QUAN – TAO ĐÀN, QUỸ ĐẤT 222m² HIẾM GẶP",200000000000,222,900900900.900901,Quận 3,Đất,Đất/đất nền
Bán,Ngoại lệ giá/m² theo nhóm sản phẩm,homedy,"Nhà cấp 4 giá mềm ngay sau lưng chợ Việt Kiều – xã Củ Chi, Sổ riêng, 785 Tri..ệ.u",785000000,150,5233333.333333333,Huyện Củ Chi,Nhà phố,Nhà phố/nhà ở
Bán,Ngoại lệ giá/m² theo nhóm sản phẩm,mogi,Bán nhanh căn hộ 3PN chung cư cao cấp SUNSHINE DINAMOMD Q7,2225000000,165,13484848.484848484,Quận 7,Căn hộ,Căn hộ
Bán,Ngoại lệ giá/m² theo nhóm sản phẩm,luachonnhadat,"Sang mặt bằng nhà hàng MT đường Tên Lửa, DT 8 x 20m, 1 lửng, giá sang toàn bộ 1.6 tỷ",1600000000,160,10000000,Quận Bình Tân,Mặt bằng,Tòa nhà/văn phòng/mặt bằng
Bán,Ngoại lệ giá tuyệt đối theo nhóm sản phẩm,homedy,"Bán đất mặt tiền Trần Khắc Chân, Q1, 520m² nở hậu đẹp, Giá 270 tỷ",350000000000,571,612959719.7898424,Quận 1,Đất nền,Đất/đất nền
Bán,Ngoại lệ giá tuyệt đối theo nhóm sản phẩm,homedy,BÁN NHÀ 4x10m SHR 3PN Hóc Môn - 500 TRIỆU ở ngay,500000000,40,12500000,Huyện Hóc Môn,Nhà phố,Nhà phố/nhà ở
Bán,Ngoại lệ giá tuyệt đối theo nhóm sản phẩm,homedy,[Siêu Phẩm CÓ 1 không 2] GÓC 3MT Số 78 đường BA VÂN - Quận Tân Bình - 2.400M2 - Chỉ 379 TỶ,379000000000,2400,157916666.66666666,Quận Tân Bình,Bất động sản khác,Biệt thự/cao cấp
Bán,Ngoại lệ giá tuyệt đối theo nhóm sản phẩm,homedy,"Lh Phúc 0794062948 Cần bán gấp căn nhà ở TL10_Bình Tân chỉ 580tr/Dt 32m2, Shr bao sang tên, HXH",580000000,32,18125000,Quận Bình Tân,Nhà phố,Nhà phố/nhà ở
Bán,Ngoại lệ giá tuyệt đối theo nhóm sản phẩm,homedy,"Thanh lý nhà thu hồi vốn dt 30m2 đường Tân Chánh Hiệp, quận 12-giá 520tr-sổ hồng riêng",520000000,30,17333333.333333332,Quận 12,Nhà phố,Nhà phố/nhà ở
Bán,Ngoại lệ giá tuyệt đối theo nhóm sản phẩm,homedy,"Kẹt nợ bán gấp nhà 35m2, 1t1l đường Tôn Đản, quận 4-giá 490tr, sổ hồng riêng, hxh",490000000,35,14000000,Quận 4,Nhà phố,Nhà phố/nhà ở
Bán,Ngoại lệ giá/m² theo nhóm sản phẩm,homedy,"Bán nhà mt Mạc Thị Bưởi, lõi trung tâm Quận 1, 79m2, phù hợp showroom, giá 90 tỷ",90000000000,79,1139240506.329114,Quận 1,Nhà phố,Nhà phố/nhà ở
Bán,Ngoại lệ giá/m² theo nhóm sản phẩm,homedy,"Bán nhà mặt tiền Cao Thắng, Quận 10, 7 tầng, 8x16m, dòng tiền ổn định 200tr/th",110000000000,123,894308943.0894309,Quận 10,Nhà phố,Nhà phố/nhà ở
Bán,Ngoại lệ giá tuyệt đối theo nhóm sản phẩm,homedy,Siêu phẩm Lô Đất VÀNG góc 3 MẶT TIỀN số 78 BA VÂN – khu BÀU CÁT – quận TÂN BÌNH,379000000000,2400,157916666.66666666,Quận Tân Bình,Đất nền,Đất/đất nền
Bán,Ngoại lệ giá/m² theo nhóm sản phẩm,homedy,Siêu Phẩm Mặt TiỀn 32M - ChỈ 700 TriỆu - Kinh Doanh Đa Ngành,700000000,250,2800000,Quận 12,Bất động sản khác,Biệt thự/cao cấp
Bán,Ngoại lệ giá tuyệt đối theo nhóm sản phẩm,homedy,"Chuyển về quê bán gấp nhà đường Tô Ký, quận 12-giá 450tr, sổ riêng-hẻm xe hơi",450000000,35,12857142.857142856,Quận 12,Nhà phố,Nhà phố/nhà ở
Bán,Ngoại lệ giá tuyệt đối theo nhóm sản phẩm,homedy,Kinh doanh thua lỗ bán gấp nhà Lê Văn Việt Quận 9 - DT 40m2/ 550 triệu LH Anh Duy,550000000,40,13750000,Thành phố Thủ Đức,Nhà phố,Nhà phố/nhà ở
Bán,Ngoại lệ giá tuyệt đối theo nhóm sản phẩm,homedy,"Vỡ nợ bán gấp nhà 1t1l Đường Lý Thường Kiệt, quận 10-dt 40m2, giá 430tr, đã có sổ hồng",430000000,40,10750000,Quận 10,Nhà phố,Nhà phố/nhà ở
Bán,Ngoại lệ giá tuyệt đối theo nhóm sản phẩm,homedy,Vơ Nơ Bán Nhà Đường Hưng Phú Quận 8 40m2/500 triêu Sổ hồng riêng,500000000,40,12500000,Quận 8,Nhà phố,Nhà phố/nhà ở
Bán,Ngoại lệ giá tuyệt đối theo nhóm sản phẩm,homedy,"Kẹt nợ bán nhà 1t1l đường Đình Phong Phú, Thủ Đức có dt 38m2, hẻm 4m, sổ hồng riêng-giá 480tr",480000000,38,12631578.94736842,Thành phố Thủ Đức,Nhà phố,Nhà phố/nhà ở
Bán,Ngoại lệ giá/m² theo nhóm sản phẩm,chotot,Bán nhà gần chợ Hưng Long – KCN Hải Sơn – 1 trệt 1 lầu,720000000,91.3,7886089.813800657,Huyện Bình Chánh,Nhà ở,Nhà phố/nhà ở
Bán,Ngoại lệ giá/m² theo nhóm sản phẩm,chotot,CON GÂY NỢ BÁN LÔ ĐẤT ĐẸP TẠI THỊ TRẤN CỦ CHI 571M2 GIÁ CHỈ 750 TRIỆU,750000000,571,1313485.1138353765,Huyện Củ Chi,Đất,Đất/đất nền
Bán,Ngoại lệ giá tuyệt đối theo nhóm sản phẩm,chotot,Cần bán nhanh 1 căn chung cư mini gần nhà ga T3,900000000,30,30000000,Quận Tân Bình,Căn hộ/Chung cư,Căn hộ
Bán,Ngoại lệ giá tuyệt đối theo nhóm sản phẩm,chotot,chính chủ bán căn góc chung cư lê thành tân tạo vew công viên,760000000,34,22352941.17647059,Quận Bình Tân,Căn hộ/Chung cư,Căn hộ
Bán,Ngoại lệ giá/m² theo nhóm sản phẩm,chotot,500m2 NGUYỄN VĂN NÌ THỊ TRẤN CỦ CHI MẶT TIỀN LỚN 14m 715TR,715000000,500,1430000,Huyện Củ Chi,Đất,Đất/đất nền
Bán,Ngoại lệ giá/m² theo nhóm sản phẩm,chotot,"Đất vườn có sẵn thổ cư 500m2, Đang cần bán gấp giá hợp lý đầu tư SHR",650000000,500,1300000,Huyện Củ Chi,Đất,Đất/đất nền
Bán,Ngoại lệ giá tuyệt đối theo nhóm sản phẩm,chotot,Đất Hóc Môn 4x12 315triệu gần chợ Xuân Thới Thượnh,315000000,48,6562500,Huyện Hóc Môn,Đất,Đất/đất nền
Bán,Ngoại lệ giá/m² theo nhóm sản phẩm,chotot,Chủ bán gấp lô đất đẹp Mặt Tiền Nguyễn Viết Xuân Trung Tâm Thị Trấn,680000000,467,1456102.78372591,Huyện Củ Chi,Đất,Đất/đất nền
Bán,Ngoại lệ giá tuyệt đối theo nhóm sản phẩm,chotot,Bán chung cư lê thành tân tạo (chính chủ không phải sale),850000000,37.5,22666666.666666668,Quận Bình Tân,Căn hộ/Chung cư,Căn hộ
Bán,Ngoại lệ giá tuyệt đối theo nhóm sản phẩm,chotot,Nhà Hóc Môn 4x12 bán 565Triệu gần chợ Xuân Thới Thượng,565000000,48,11770833.333333334,Huyện Hóc Môn,Nhà ở,Nhà phố/nhà ở
Bán,Ngoại lệ giá/m² theo nhóm sản phẩm,chotot,CẦN TIỀN GẤP BÁN LỖ LÔ ĐẤT 408M2 TÂN THÔNG HỘI CỦ CHI GIÁ 410TR SHR,410000000,408,1004901.9607843136,Huyện Củ Chi,Đất,Đất/đất nền
Bán,Ngoại lệ giá tuyệt đối theo nhóm sản phẩm,chotot,"BÁN ĐẤT CỦ CHI CHỈ 350 TRIỆU, ĐƯỜNG NHỰA,FULL THỔ CƯ,SỔ SẪN CÔNG CHỨNG",350000000,128.5,2723735.4085603114,Huyện Củ Chi,Đất,Đất/đất nền
Bán,Ngoại lệ giá tuyệt đối theo nhóm sản phẩm,chotot,CÒN 2 CĂN GIÁ CỰC MỀM 690TR CĂN THE WIN CITY 1PN1WC,690000000,40,17250000,Huyện Bình Chánh,Căn hộ/Chung cư,Căn hộ
Bán,Ngoại lệ giá tuyệt đối theo nhóm sản phẩm,chotot,"Bán đất 120m2, giá ngộp tại Đỗ Đình Nhân, Tân An Hội, Củ Chi, HCM",430000000,120,3583333.3333333335,Huyện Củ Chi,Đất,Đất/đất nền
Bán,Ngoại lệ giá/m² theo nhóm sản phẩm,chotot,"GIẢM SÂU BÁN GẤP 448M2 ĐẤT MT NGÔ THỊ NÀO, TÂN THÔNG HỘI, CỦ CHI HCM",590000000,448,1316964.2857142857,Huyện Củ Chi,Đất,Đất/đất nền
Bán,Ngoại lệ giá tuyệt đối theo nhóm sản phẩm,chotot,"380TRIỆU/178M2 MT ĐƯỜNG SỐ 29, CHỢ VIỆT KIỀU, TÂN THÔNG HỘI, SỔ SẴN",380000000,178,2134831.460674158,Huyện Củ Chi,Đất,Đất/đất nền
Bán,Ngoại lệ giá/m² theo nhóm sản phẩm,chotot,MẶT TIỀN LÊ LỢI VIEW TRIỆU ĐÔ - SIÊU HIẾM - 3 PN - 3 WC - 3 TẦNG - CH,10500000000,31,338709677.41935486,Quận 1,Căn hộ/Chung cư,Căn hộ
Bán,Ngoại lệ giá tuyệt đối theo nhóm sản phẩm,chotot,bán chung cư lê thành tân tạo,870000000,39,22307692.307692308,Quận Bình Tân,Căn hộ/Chung cư,Căn hộ
Bán,Ngoại lệ giá/m² theo nhóm sản phẩm,chotot,"CHỦ GỬI LÔ ĐẤT HƠN 409M2 NGANG 10M MT TRẦN QUANG ĐẠO, HỢP LÀM NHÀ VƯỜN",450000000,409,1100244.4987775062,Huyện Củ Chi,Đất,Đất/đất nền
Bán,Ngoại lệ giá/m² theo nhóm sản phẩm,chotot,584m² Củ Chi Có 200m² Thổ Cư MT Nhựa 12M - Sổ Riêng - Giá 500Triệu,500000000,584,856164.3835616439,Huyện Củ Chi,Đất,Đất/đất nền
Bán,Ngoại lệ giá/m² theo nhóm sản phẩm,chotot,​ CƠ HỘI SỞ HỮU NHÀ PHỐ/CĂN HỘ THE WIN CITY — CHỈ 8.9 TRIỆU/THÁNG,400000000,50,8000000,Huyện Bình Chánh,Căn hộ/Chung cư,Căn hộ
Bán,Ngoại lệ giá tuyệt đối theo nhóm sản phẩm,chotot,Chính chủ cần bán gấp nhà hẻm Trung tâm Hocmon Đông Thạnh 20m2,350000000,10,35000000,Huyện Hóc Môn,Nhà ở,Nhà phố/nhà ở
Bán,Ngoại lệ giá/m² theo nhóm sản phẩm,chotot,CHỈ 850 TRIỆU SỞ HỮU NHÀ CẤP 4 200M² FULL THỔ CƯ TẠI CỦ CHI,850000000,200,4250000,Huyện Củ Chi,Nhà ở,Nhà phố/nhà ở
Bán,Ngoại lệ giá tuyệt đối theo nhóm sản phẩm,chotot,400TR CẦN TIỀN BÁN LÔ ĐẤT 5X20 MT HOÀNG BÁ HUÂN TRUNG TÂM CỦ CHI,400000000,101,3960396.03960396,Huyện Củ Chi,Đất,Đất/đất nền
Bán,Ngoại lệ giá/m² theo nhóm sản phẩm,chotot,"850Tr Sở Hữu Ngay 755m2 Thổ Cư Hồ Văn Tắng, xã Tân Phú Trung",850000000,755,1125827.8145695364,Huyện Củ Chi,Đất,Đất/đất nền
Bán,Ngoại lệ giá/m² theo nhóm sản phẩm,chotot,CẦN TIỀN DƯỠNG GIÀ BÁN GẤP NHÀ GIÁ TỐT TẠI TÂN THÔNG HỘI CỦ CHI SHR,800000000,199.6,4008016.032064128,Huyện Củ Chi,Nhà ở,Nhà phố/nhà ở
Bán,Ngoại lệ giá tuyệt đối theo nhóm sản phẩm,chotot,"chính chủ bán nhà 40m ,sổ hồng sẵn . 430tr hóc môn",430000000,20,21500000,Huyện Hóc Môn,Nhà ở,Nhà phố/nhà ở
Bán,Ngoại lệ giá/m² theo nhóm sản phẩm,chotot,"LÔ ĐẤT 580M2, TÂN THÔNG HỘI.GIÁ TỐT 800TR, SHR",800000000,580,1379310.3448275863,Huyện Củ Chi,Đất,Đất/đất nền
Bán,Ngoại lệ giá tuyệt đối theo nhóm sản phẩm,chotot,CĂN HỘ 38M² NAM LONG HỒNG PHÁT – SỞ HỮU NGAY CHỈ 850 TRIỆU,850000000,38,22368421.05263158,Quận 7,Căn hộ/Chung cư,Căn hộ
Bán,Ngoại lệ giá/m² theo nhóm sản phẩm,chotot,(NGỘP) GẦN 600m2 ĐẤT MẶT TIỀN ĐẸP NGAY TÂN AN HỘI CHỦ CẦN SANG GẤP,896000000,585,1531623.9316239315,Huyện Củ Chi,Đất,Đất/đất nền
Bán,Ngoại lệ giá/m² theo nhóm sản phẩm,chotot,"Căn hộ 3PN DT 88M2 CĂN GÓC, THANH TOÁN 500TR NHẬN NHÀ, PHÙ HỢP GĐ ĐÔNG",560000000,88,6363636.363636363,Quận Bình Tân,Căn hộ/Chung cư,Căn hộ
Bán,Ngoại lệ giá tuyệt đối theo nhóm sản phẩm,chotot,tôi cần bán lô đât đối diện bệnh viện nhi đồng thành phố . đường oto,420000000,125,3360000,Huyện Bình Chánh,Đất,Đất/đất nền
Bán,Ngoại lệ giá/m² theo nhóm sản phẩm,chotot,"1.500m2 xã Thái Mỹ, Củ Chi mua từ 2021",2250000000,1500,1500000,Huyện Củ Chi,Đất,Đất/đất nền
Bán,Ngoại lệ giá/m² theo nhóm sản phẩm,chotot,"Siêu vị trí, CC tầng trệt hẻm 57 Nguyễn Du, 13m2, Giá chỉ 4,5T TL",4500000000,13,346153846.15384614,Quận 1,Căn hộ/Chung cư,Căn hộ
Bán,Ngoại lệ giá tuyệt đối theo nhóm sản phẩm,chotot,kẹt tiền bán lô đất Tân Thông Hội 420tr full thổ+ngân hàng hỗ trợ vay,420000000,162,2592592.592592593,Huyện Củ Chi,Đất,Đất/đất nền
Bán,Ngoại lệ giá/m² theo nhóm sản phẩm,chotot,CHÍNH CHỦ CẦN BÁN GẤP LÔ ĐẤT THỔ VƯỜN DIỆN TÍCH LỚN MT NGUYỄN VĂN KHẠ,420000000,410,1024390.243902439,Huyện Củ Chi,Đất,Đất/đất nền
Bán,Ngoại lệ giá/m² theo nhóm sản phẩm,chotot,Căn Hộ mặt tiền QL 13 nhận nhà mới 100%,499000000,50,9980000,Thành phố Thủ Đức,Căn hộ/Chung cư,Căn hộ
Bán,Ngoại lệ giá/m² theo nhóm sản phẩm,chotot,"CHỦ ĐI MỸ ĐỊNH CƯ BÁN GẤP 466,5m2 MT NGUYỄN VIẾT XUÂN, TT CỦ CHI - SHR",620000000,466.5,1329046.0878885316,Huyện Củ Chi,Đất,Đất/đất nền
Bán,Ngoại lệ giá/m² theo nhóm sản phẩm,chotot,"Chỉ 1.17tr/m, Thái Mỹ, Củ Chi. QH đất ở",3300000000,2813,1173124.777817277,Huyện Củ Chi,Đất,Đất/đất nền
Bán,Ngoại lệ giá tuyệt đối theo nhóm sản phẩm,chotot,bán lô củ chi BASA 216M2 GIÁ 430TR SHR,430000000,261,1647509.5785440614,Huyện Củ Chi,Đất,Đất/đất nền
Bán,Ngoại lệ giá/m² theo nhóm sản phẩm,chotot,Cần bán lô đất Tân Thông Hội - 416m2 - 480tr thương lượng,480000000,416,1153846.1538461538,Huyện Củ Chi,Đất,Đất/đất nền
Bán,Ngoại lệ giá/m² theo nhóm sản phẩm,chotot,"CHỦ GỬI LÔ ĐẤT 409M2 TRẦN QUANG ĐẠO, TÂN THÔNG HỘI, NGANG 10M, CÓ VƯỜN",450000000,409,1100244.4987775062,Huyện Củ Chi,Đất,Đất/đất nền
Bán,Ngoại lệ giá/m² theo nhóm sản phẩm,chotot,CẦN TIỀN CHỮA BỆNH BÁN GẤP 466M2 ĐẤT MẶT TIỀN TT CỦ CHI GIÁ 610TR SHR,610000000,466,1309012.8755364807,Huyện Củ Chi,Đất,Đất/đất nền
Bán,Ngoại lệ giá/m² theo nhóm sản phẩm,chotot,VỢ CHỒNG LY DỊ BÁN GẤP LÔ MT NHỰA 790M2 PHƯỚC VĨNH AN CỦ CHI 950TR SHR,950000000,790,1202531.6455696202,Huyện Củ Chi,Đất,Đất/đất nền
Bán,Ngoại lệ giá tuyệt đối theo nhóm sản phẩm,chotot,HÀNG THẬT GIÁ NGỘP GÓC 2MT TÂN THÔNG HỘI CỦ CHI 180M2/ 400TR,400000000,180,2222222.222222222,Huyện Củ Chi,Đất,Đất/đất nền
Bán,Ngoại lệ giá/m² theo nhóm sản phẩm,alonhadat,"Bán nhà mặt tiền đường Hàm Nghi, Nguyễn Thái Bình, Quận 1, ngang 22.5m được xây cao tầng",450000000000,350,1285714285.7142856,Quận 1,Nhà ở,Nhà phố/nhà ở
Bán,Ngoại lệ giá tuyệt đối theo nhóm sản phẩm,homedy,bán gấp Nguyễn Cửu Vân BT gần trường ĐH Kinh Tế DT 61m2 giá 920 triệu liên hệ Hưng,920000000,61,15081967.213114752,Quận Bình Thạnh,Bất động sản khác,Khác
Bán,Ngoại lệ giá tuyệt đối theo nhóm sản phẩm,homedy,"Bán căn Penthouse Thảo Điền Green, căn 373m2 cả sân vườn, view sông, 90.7 tỷ",90700000000,373,243163538.87399465,Thành phố Thủ Đức,Đất nền,Căn hộ
